method,sample_id,split,laign_graph_ap,baseline_graph_ap,delta_graph_ap
CLAPE-SMB,plinder:1afb__1__1.A__1.D_1.F:1afb__1__1.D,external_test,0.8541666667,0.4399224806,0.4142441860
CLAPE-SMB,plinder:1gzf__3__1.C__1.I_1.J:1gzf__3__1.J,external_test,0.9593750000,0.2252421043,0.7341328957
CLAPE-SMB,plinder:1l4y__1__1.A__1.B_1.H:1l4y__1__1.H,external_test,0.9888888889,0.4626262626,0.5262626263
CLAPE-SMB,plinder:1lhv__1__2.A__2.D:1lhv__1__2.D,external_test,1.0000000000,0.1522172526,0.8477827474
CLAPE-SMB,plinder:1oik__1__2.A__2.C_2.D_2.E:1oik__1__2.D,external_test,1.0000000000,0.1026666667,0.8973333333
CLAPE-SMB,plinder:1omz__2__1.A__1.C_1.D:1omz__2__1.D,external_test,0.9583579882,0.5949446267,0.3634133614
CLAPE-SMB,plinder:1uj5__2__2.A__2.B:1uj5__2__2.B,external_test,0.9833333333,0.5140860528,0.4692472805
CLAPE-SMB,plinder:1w2c__2__1.B__1.H_1.I_1.J:1w2c__2__1.H,external_test,0.9761904762,0.3919831600,0.5842073162
CLAPE-SMB,plinder:1w2c__2__1.B__1.H_1.I_1.J:1w2c__2__1.I,external_test,1.0000000000,0.0853289533,0.9146710467
CLAPE-SMB,plinder:1wk9__1__1.A__1.B:1wk9__1__1.B,external_test,0.9821428571,0.3771943560,0.6049485011
CLAPE-SMB,plinder:1xpg__2__1.B__1.K:1xpg__2__1.K,external_test,1.0000000000,0.0680784902,0.9319215098
CLAPE-SMB,plinder:1xr2__1__1.A__1.D:1xr2__1__1.D,external_test,1.0000000000,0.0797754406,0.9202245594
CLAPE-SMB,plinder:2dwp__1__1.A__1.B_1.D_1.E:2dwp__1__1.E,external_test,0.9924242424,0.7423868530,0.2500373895
CLAPE-SMB,plinder:2fqw__1__1.A__1.B:2fqw__1__1.B,external_test,0.9821428571,0.3058608059,0.6762820513
CLAPE-SMB,plinder:2i7d__1__1.A__1.C_1.D_1.E:2i7d__1__1.E,external_test,0.8734126984,0.4282828283,0.4451298701
CLAPE-SMB,plinder:2pnc__1__1.B__1.O:2pnc__1__1.O,external_test,0.6684782609,0.0168017267,0.6516765342
CLAPE-SMB,plinder:2uag__1__1.A__1.B_1.D:2uag__1__1.D,external_test,0.9576330532,0.3970237069,0.5606093463
CLAPE-SMB,plinder:2vkd__1__1.A__1.D_1.E:2vkd__1__1.E,external_test,0.9456922163,0.4399660723,0.5057261440
CLAPE-SMB,plinder:2vkh__1__1.A__1.D_1.E:2vkh__1__1.E,external_test,0.9705128205,0.5150051339,0.4555076866
CLAPE-SMB,plinder:2yqh__1__1.A__1.C:2yqh__1__1.C,external_test,1.0000000000,0.1696453951,0.8303546049
CLAPE-SMB,plinder:2yqs__1__1.A__1.B_1.D:2yqs__1__1.D,external_test,0.9945054945,0.4870343349,0.5074711596
CLAPE-SMB,plinder:2yr6__1__1.A__1.D_1.E_1.F:2yr6__1__1.E,external_test,0.9761904762,0.2151238346,0.7610666416
CLAPE-SMB,plinder:3ayj__1__1.B__1.H_1.I_1.J:3ayj__1__1.H,external_test,0.9145301849,0.4043903846,0.5101398003
CLAPE-SMB,plinder:3bkq__1__1.A__1.B:3bkq__1__1.B,external_test,0.9861111111,0.3059634323,0.6801476788
CLAPE-SMB,plinder:3hxu__1__1.A__1.B:3hxu__1__1.B,external_test,0.9705128205,0.4631643513,0.5073484692
CLAPE-SMB,plinder:3it3__1__1.B__1.D:3it3__1__1.D,external_test,1.0000000000,0.4113419232,0.5886580768
CLAPE-SMB,plinder:3jsa__1__2.A__2.B:3jsa__1__2.B,external_test,0.9478458050,0.4631202131,0.4847255919
CLAPE-SMB,plinder:3ohb__1__1.A__1.D_1.E_1.F:3ohb__1__1.D,external_test,0.9797979798,0.3615083990,0.6182895808
CLAPE-SMB,plinder:3ova__1__2.A__2.C_2.E:3ova__1__2.C,external_test,0.8701388889,0.1655446813,0.7045942076
CLAPE-SMB,plinder:3pde__1__1.B__1.J_1.K_1.L_1.M:3pde__1__1.J,external_test,1.0000000000,0.1149267399,0.8850732601
CLAPE-SMB,plinder:3qcp__1__1.A__1.B:3qcp__1__1.B,external_test,0.9351256649,0.3684548393,0.5666708257
CLAPE-SMB,plinder:3t44__1__1.A__1.B_1.C:3t44__1__1.C,external_test,1.0000000000,0.2564922884,0.7435077116
CLAPE-SMB,plinder:3uel__1__1.A__1.D:3uel__1__1.D,external_test,1.0000000000,0.4447749015,0.5552250985
CLAPE-SMB,plinder:3vw2__1__1.A__1.E:3vw2__1__1.E,external_test,1.0000000000,0.0750638974,0.9249361026
CLAPE-SMB,plinder:3wqy__1__1.A__1.D:3wqy__1__1.D,external_test,0.9909090909,0.2222828906,0.7686262003
CLAPE-SMB,plinder:4aha__1__1.A__1.K:4aha__1__1.K,external_test,0.9666666667,0.0132090596,0.9534576070
CLAPE-SMB,plinder:4c49__3__1.C__1.G:4c49__3__1.G,external_test,0.9379251701,0.5111153731,0.4268097970
CLAPE-SMB,plinder:4cyi__2__1.C__1.M_1.N:4cyi__2__1.M,external_test,0.9526289683,0.3267729081,0.6258560601
CLAPE-SMB,plinder:4cyj__1__1.A__1.G_1.H:4cyj__1__1.G,external_test,0.9861111111,0.3726985499,0.6134125612
CLAPE-SMB,plinder:4edh__1__1.A__1.C_1.D_1.E:4edh__1__1.C,external_test,1.0000000000,0.4426267693,0.5573732307
CLAPE-SMB,plinder:4edh__1__1.A__1.C_1.D_1.E:4edh__1__1.D,external_test,0.9888888889,0.2816648093,0.7072240796
CLAPE-SMB,plinder:4gmd__2__1.D__1.O:4gmd__2__1.O,external_test,1.0000000000,0.4619658120,0.5380341880
CLAPE-SMB,plinder:4gyz__3__1.C__1.O_1.P:4gyz__3__1.O,external_test,0.9617346939,0.4795954912,0.4821392027
CLAPE-SMB,plinder:4i4v__2__1.D__1.L:4i4v__2__1.L,external_test,1.0000000000,0.0422705314,0.9577294686
CLAPE-SMB,plinder:4js1__1__1.A__1.C_1.D:4js1__1__1.C,external_test,1.0000000000,0.6290610941,0.3709389059
CLAPE-SMB,plinder:4jvo__1__1.A__1.C:4jvo__1__1.C,external_test,1.0000000000,0.6107804233,0.3892195767
CLAPE-SMB,plinder:4qnu__6__1.F__1.T:4qnu__6__1.T,external_test,0.9805194805,0.3748057418,0.6057137387
CLAPE-SMB,plinder:4rus__2__1.C__1.V:4rus__2__1.V,external_test,1.0000000000,0.0194305271,0.9805694729
CLAPE-SMB,plinder:4tsq__3__1.C__1.U:4tsq__3__1.U,external_test,1.0000000000,0.0878181672,0.9121818328
CLAPE-SMB,plinder:4x3m__1__1.A__1.C:4x3m__1__1.C,external_test,0.9500000000,0.6250000000,0.3250000000
CLAPE-SMB,plinder:4x8d__2__1.B__1.T_1.U_1.V:4x8d__2__1.T,external_test,1.0000000000,0.0915891355,0.9084108645
CLAPE-SMB,plinder:4xp9__1__1.A__1.H:4xp9__1__1.H,external_test,1.0000000000,0.0067133398,0.9932866602
CLAPE-SMB,plinder:4xqc__1__1.B__1.J:4xqc__1__1.J,external_test,0.9513755475,0.5668551106,0.3845204370
CLAPE-SMB,plinder:4yco__3__1.C__1.J:4yco__3__1.J,external_test,0.8804935805,0.5463106247,0.3341829558
CLAPE-SMB,plinder:4yzl__1__1.A__1.B_1.C:4yzl__1__1.C,external_test,0.9379251701,0.2721559909,0.6657691792
CLAPE-SMB,plinder:4zr5__2__1.A__1.G_1.H:4zr5__2__1.H,external_test,0.9502840909,0.3505492902,0.5997348007
CLAPE-SMB,plinder:5adv__2__1.C__1.L_1.M_1.N:5adv__2__1.N,external_test,1.0000000000,0.4318260638,0.5681739362
CLAPE-SMB,plinder:5df1__2__1.B__1.G_1.H:5df1__2__1.G,external_test,0.9930555556,0.5714487670,0.4216067885
CLAPE-SMB,plinder:5eq9__1__1.A__1.E:5eq9__1__1.E,external_test,0.9500000000,0.7708333333,0.1791666667
CLAPE-SMB,plinder:5f2n__1__1.B__1.E_1.F:5f2n__1__1.E,external_test,1.0000000000,0.4009531590,0.5990468410
CLAPE-SMB,plinder:5jqw__1__1.A__1.B:5jqw__1__1.B,external_test,0.9254656959,0.3525620508,0.5729036452
CLAPE-SMB,plinder:5ost__1__1.A__1.P:5ost__1__1.P,external_test,0.9040178571,0.3131830244,0.5908348327
CLAPE-SMB,plinder:5slg__1__1.A__1.G:5slg__1__1.G,external_test,0.9666666667,0.0205085070,0.9461581596
CLAPE-SMB,plinder:5t64__1__1.B__1.M:5t64__1__1.M,external_test,1.0000000000,0.0905600974,0.9094399026
CLAPE-SMB,plinder:6a8p__3__1.C__1.F:6a8p__3__1.F,external_test,0.9093537415,0.0159631493,0.8933905922
CLAPE-SMB,plinder:6apl__1__1.A__1.G:6apl__1__1.G,external_test,1.0000000000,0.3404194264,0.6595805736
CLAPE-SMB,plinder:6e08__1__1.A__1.B:6e08__1__1.B,external_test,1.0000000000,0.0198881486,0.9801118514
CLAPE-SMB,plinder:6el3__3__1.A__1.G:6el3__3__1.G,external_test,0.9952380952,0.4610249126,0.5342131826
CLAPE-SMB,plinder:6f83__1__1.A__1.C:6f83__1__1.C,external_test,1.0000000000,0.4491732804,0.5508267196
CLAPE-SMB,plinder:6fl8__1__1.A__1.C_1.D_1.E_1.G:6fl8__1__1.C,external_test,1.0000000000,0.1065620050,0.8934379950
CLAPE-SMB,plinder:6fl8__2__1.B__1.J_1.K_1.L:6fl8__2__1.J,external_test,0.9086435786,0.4138274045,0.4948161742
CLAPE-SMB,plinder:6i1g__2__1.B__1.D:6i1g__2__1.D,external_test,0.9063455988,0.5107432927,0.3956023062
CLAPE-SMB,plinder:6imj__1__1.A__1.E_1.G_1.H:6imj__1__1.E,external_test,0.9909090909,0.1978337551,0.7930753358
CLAPE-SMB,plinder:6kal__1__1.A__1.G_1.H:6kal__1__1.G,external_test,0.9761904762,0.4278586515,0.5483318246
CLAPE-SMB,plinder:6lfr__1__1.A__1.B:6lfr__1__1.B,external_test,0.9333765771,0.5331539988,0.4002225783
CLAPE-SMB,plinder:6lft__1__1.A__1.B_1.C:6lft__1__1.C,external_test,0.9453444703,0.5546283578,0.3907161126
CLAPE-SMB,plinder:6ms8__1__1.A__1.I:6ms8__1__1.I,external_test,1.0000000000,0.5199452959,0.4800547041
CLAPE-SMB,plinder:6tlk__2__1.D__1.R:6tlk__2__1.R,external_test,1.0000000000,0.5472222222,0.4527777778
CLAPE-SMB,plinder:6x5t__2__1.D__1.Q:6x5t__2__1.Q,external_test,0.9304064919,0.4065692975,0.5238371944
CLAPE-SMB,plinder:6x5u__4__2.F__2.X:6x5u__4__2.X,external_test,0.9009952466,0.3914177824,0.5095774642
CLAPE-SMB,plinder:6y88__6__1.F__1.U:6y88__6__1.U,external_test,0.9910714286,0.5427670247,0.4483044039
CLAPE-SMB,plinder:6yab__2__1.B__1.I:6yab__2__1.I,external_test,0.9750000000,0.5046201743,0.4703798257
CLAPE-SMB,plinder:6ykb__1__1.A__1.C:6ykb__1__1.C,external_test,1.0000000000,0.2166666667,0.7833333333
CLAPE-SMB,plinder:6zxb__1__1.B__1.L_1.N_1.O:6zxb__1__1.L,external_test,0.9202741703,0.1788857929,0.7413883774
CLAPE-SMB,plinder:7ac8__3__1.E__1.K:7ac8__3__1.K,external_test,1.0000000000,0.5118641534,0.4881358466
CLAPE-SMB,plinder:7cta__1__2.B__2.E_2.F:7cta__1__2.E,external_test,0.9649678604,0.4212573732,0.5437104872
CLAPE-SMB,plinder:7em1__1__1.A__1.D:7em1__1__1.D,external_test,0.8750000000,0.0158727930,0.8591272070
CLAPE-SMB,plinder:7plr__3__1.C__1.O_1.P_1.Q_1.R:7plr__3__1.O,external_test,0.8875000000,0.3037878788,0.5837121212
CLAPE-SMB,plinder:7rbw__2__1.B__1.D:7rbw__2__1.D,external_test,1.0000000000,0.2758422636,0.7241577364
CLAPE-SMB,plinder:7rtc__2__1.B__1.E:7rtc__2__1.E,external_test,0.9821428571,0.1074956342,0.8746472229
CLAPE-SMB,plinder:7u0r__1__1.B__1.I_1.J_1.K_1.L:7u0r__1__1.J,external_test,0.9115961199,0.2689057553,0.6426903646
CLAPE-SMB,plinder:7u8y__1__1.B__1.G_1.H_1.I_1.J:7u8y__1__1.H,external_test,1.0000000000,0.6495430527,0.3504569473
CLAPE-SMB,plinder:8e1v__1__1.A__1.C_1.D:8e1v__1__1.C,external_test,0.9060405644,0.3436505934,0.5623899710
CLAPE-SMB,plinder:8g9d__1__1.A__1.B:8g9d__1__1.B,external_test,1.0000000000,0.2567807728,0.7432192272
CLAPE-SMB,plinder:8og5__1__1.A__1.D:8og5__1__1.D,external_test,0.8541666667,0.0220646653,0.8321020013
CLAPE-SMB,plinder:8one__1__1.A__1.F_1.K:8one__1__1.K,external_test,0.9075829263,0.2897704988,0.6178124275
CLAPE-SMB,plinder:1jed__1__3.B__3.SA_3.TA:1jed__1__3.TA,external_val,1.0000000000,0.8474927850,0.1525072150
CLAPE-SMB,plinder:1jee__1__3.A__3.T_3.TA:1jee__1__3.TA,external_val,1.0000000000,0.8474927850,0.1525072150
CLAPE-SMB,plinder:1lvg__1__1.A__1.B_1.D:1lvg__1__1.D,external_val,0.9697979798,0.3838390425,0.5859589373
CLAPE-SMB,plinder:1mn0__1__1.B__1.E:1mn0__1__1.E,external_val,0.6666666667,0.3333333333,0.3333333333
CLAPE-SMB,plinder:1qw9__1__3.A__3.C:1qw9__1__3.C,external_val,1.0000000000,0.2997377829,0.7002622171
CLAPE-SMB,plinder:1u6r__1__1.B__1.E_1.F_1.G_1.H:1u6r__1__1.G,external_val,0.9419191919,0.1336255365,0.8082936554
CLAPE-SMB,plinder:1wb9__1__1.A__1.E_1.F:1wb9__1__1.E,external_val,1.0000000000,0.6840795343,0.3159204657
CLAPE-SMB,plinder:1xco__2__1.C__1.R:1xco__2__1.R,external_val,1.0000000000,0.0289660877,0.9710339123
CLAPE-SMB,plinder:1y2w__1__1.A__1.E:1y2w__1__1.E,external_val,1.0000000000,0.0283190611,0.9716809389
CLAPE-SMB,plinder:1y2w__1__2.A__2.E:1y2w__1__2.E,external_val,1.0000000000,0.0283190611,0.9716809389
CLAPE-SMB,plinder:1y2x__1__1.A__1.I:1y2x__1__1.I,external_val,1.0000000000,0.0283190611,0.9716809389
CLAPE-SMB,plinder:1zdg__1__2.A__2.B_2.D:1zdg__1__2.D,external_val,0.9924242424,0.5693320714,0.4230921710
CLAPE-SMB,plinder:2e1t__2__1.B__1.D:2e1t__2__1.D,external_val,0.9877124183,0.3023374637,0.6853749546
CLAPE-SMB,plinder:2e5a__1__1.A__1.E:2e5a__1__1.E,external_val,1.0000000000,0.2518954312,0.7481045688
CLAPE-SMB,plinder:2fmn__1__2.B__2.F_2.G:2fmn__1__2.F,external_val,0.9844444444,0.2178082852,0.7666361593
CLAPE-SMB,plinder:2iyi__1__1.B__1.E:2iyi__1__1.E,external_val,0.9821428571,0.6083642548,0.3737786024
CLAPE-SMB,plinder:2plm__1__1.A__1.B_1.C:2plm__1__1.C,external_val,0.8670995671,0.1833993320,0.6837002351
CLAPE-SMB,plinder:2qm7__1__1.A__1.E:2qm7__1__1.E,external_val,1.0000000000,0.7784205693,0.2215794307
CLAPE-SMB,plinder:2vck__1__1.A__1.E:2vck__1__1.E,external_val,0.8676736227,0.1182277287,0.7494458940
CLAPE-SMB,plinder:2x9j__2__1.B__1.D:2x9j__2__1.D,external_val,0.8930816098,0.1984714046,0.6946102052
CLAPE-SMB,plinder:2y4l__1__1.A__1.C_1.D_1.E:2y4l__1__1.D,external_val,0.9861111111,0.3952817199,0.5908293912
CLAPE-SMB,plinder:2y4l__2__1.B__1.I_1.J:2y4l__2__1.J,external_val,0.9093537415,0.5755411255,0.3338126160
CLAPE-SMB,plinder:3afh__1__1.A__1.B:3afh__1__1.B,external_val,1.0000000000,0.4363573232,0.5636426768
CLAPE-SMB,plinder:3cj9__1__1.A__1.D:3cj9__1__1.D,external_val,0.9266666667,0.0923368875,0.8343297791
CLAPE-SMB,plinder:3cja__1__1.A__1.B_1.C:3cja__1__1.C,external_val,0.9707362082,0.6006630869,0.3700731213
CLAPE-SMB,plinder:3dzv__1__3.A__3.E:3dzv__1__3.E,external_val,0.9821428571,0.6829677215,0.2991751356
CLAPE-SMB,plinder:3etg__1__1.A__1.I:3etg__1__1.I,external_val,0.9888888889,0.0237355003,0.9651533886
CLAPE-SMB,plinder:3i3q__2__1.B__1.E_1.F:3i3q__2__1.E,external_val,0.8909171076,0.3593741226,0.5315429850
CLAPE-SMB,plinder:3pju__1__2.A__2.B:3pju__1__2.B,external_val,0.9288991101,0.2888942481,0.6400048620
CLAPE-SMB,plinder:3rog__1__1.A__1.B:3rog__1__1.B,external_val,0.8850000000,0.2336888602,0.6513111398
CLAPE-SMB,plinder:3rsb__1__1.A__1.E:3rsb__1__1.E,external_val,0.9502840909,0.4280148541,0.5222692368
CLAPE-SMB,plinder:3rzp__1__1.A__1.E:3rzp__1__1.E,external_val,0.9484126984,0.6123857624,0.3360269360
CLAPE-SMB,plinder:3rzp__1__1.B__1.G:3rzp__1__1.G,external_val,1.0000000000,0.7769841270,0.2230158730
CLAPE-SMB,plinder:3rzp__2__1.D__1.I:3rzp__2__1.I,external_val,0.9150793651,0.7135854342,0.2014939309
CLAPE-SMB,plinder:3se5__1__1.C__1.L_1.N:3se5__1__1.L,external_val,1.0000000000,0.5400481154,0.4599518846
CLAPE-SMB,plinder:3svw__1__1.A__1.K:3svw__1__1.K,external_val,0.9859693878,0.0981753057,0.8877940820
CLAPE-SMB,plinder:3svw__1__1.B__1.P:3svw__1__1.P,external_val,0.9838264300,0.1952770563,0.7885493737
CLAPE-SMB,plinder:3svw__1__1.B__1.Q:3svw__1__1.Q,external_val,0.9945054945,0.1604054185,0.8341000760
CLAPE-SMB,plinder:3ubm__2__1.D__1.H:3ubm__2__1.H,external_val,0.9722550177,0.6546026342,0.3176523835
CLAPE-SMB,plinder:3wbb__1__2.A__2.H:3wbb__1__2.H,external_val,0.9285204991,0.4611394992,0.4673809999
CLAPE-SMB,plinder:4cj6__1__1.A__1.B:4cj6__1__1.B,external_val,0.9680884832,0.4193159609,0.5487725223
CLAPE-SMB,plinder:4d47__2__1.B__1.K_1.L:4d47__2__1.L,external_val,0.9166666667,0.0780879402,0.8385787265
CLAPE-SMB,plinder:4f0s__1__1.A__1.B:4f0s__1__1.B,external_val,0.8875000000,0.1371312028,0.7503687972
CLAPE-SMB,plinder:4fws__1__2.A__2.F:4fws__1__2.F,external_val,0.9085858586,0.6360856736,0.2725001850
CLAPE-SMB,plinder:4g88__2__1.D__1.L:4g88__2__1.L,external_val,1.0000000000,0.4416075126,0.5583924874
CLAPE-SMB,plinder:4gol__1__1.A__1.D:4gol__1__1.D,external_val,0.7440476190,0.5217338217,0.2223137973
CLAPE-SMB,plinder:4gom__1__1.A__1.D:4gom__1__1.D,external_val,1.0000000000,0.5314917313,0.4685082687
CLAPE-SMB,plinder:4hh0__1__1.A__1.C:4hh0__1__1.C,external_val,1.0000000000,0.6472402597,0.3527597403
CLAPE-SMB,plinder:4hoh__1__1.A__1.E:4hoh__1__1.E,external_val,1.0000000000,0.1364367988,0.8635632012
CLAPE-SMB,plinder:4jk3__1__1.A__1.C_1.E:4jk3__1__1.C,external_val,0.9500000000,0.4676770841,0.4823229159
CLAPE-SMB,plinder:4o8a__1__1.A__1.B_1.C:4o8a__1__1.B,external_val,0.9807017544,0.6370146268,0.3436871276
CLAPE-SMB,plinder:4owu__1__1.A__1.C_1.D_1.E:4owu__1__1.E,external_val,1.0000000000,0.4141679909,0.5858320091
CLAPE-SMB,plinder:4rdy__1__1.A__1.C_1.D_1.E:4rdy__1__1.E,external_val,0.9910714286,0.2454888258,0.7455826027
CLAPE-SMB,plinder:4xt7__1__1.A__1.B_1.C_1.D:4xt7__1__1.B,external_val,0.9786119711,0.6410751873,0.3375367838
CLAPE-SMB,plinder:5icl__1__1.A__1.C:5icl__1__1.C,external_val,0.9047619048,0.2391827471,0.6655791577
CLAPE-SMB,plinder:5k7u__1__1.A__1.C:5k7u__1__1.C,external_val,1.0000000000,0.2983186552,0.7016813448
CLAPE-SMB,plinder:5kod__2__1.B__1.G_1.H:5kod__2__1.G,external_val,0.9284090909,0.4978135345,0.4305955564
CLAPE-SMB,plinder:5kod__4__1.D__1.M_1.N:5kod__4__1.N,external_val,1.0000000000,0.1246212121,0.8753787879
CLAPE-SMB,plinder:5mug__1__24.A__24.B:5mug__1__24.B,external_val,0.9804748823,0.4159091088,0.5645657735
CLAPE-SMB,plinder:5s4c__1__1.A__1.C:5s4c__1__1.C,external_val,1.0000000000,0.0067567568,0.9932432432
CLAPE-SMB,plinder:5suk__1__1.B__1.H:5suk__1__1.H,external_val,0.9526289683,0.4821455505,0.4704834177
CLAPE-SMB,plinder:5sxg__2__1.B__1.G_1.H:5sxg__2__1.H,external_val,0.9305555556,0.2055810090,0.7249745465
CLAPE-SMB,plinder:5trd__1__1.A__1.E_1.F:5trd__1__1.E,external_val,0.9945054945,0.6305054277,0.3640000668
CLAPE-SMB,plinder:5trd__1__1.B__1.G_1.H:5trd__1__1.G,external_val,0.9866452991,0.6572996559,0.3293456432
CLAPE-SMB,plinder:5us6__1__1.C__1.T_1.U:5us6__1__1.U,external_val,1.0000000000,0.0955604490,0.9044395510
CLAPE-SMB,plinder:5ux7__1__1.C__1.I:5ux7__1__1.I,external_val,0.9860139860,0.2921463500,0.6938676360
CLAPE-SMB,plinder:5v9h__1__1.A__1.D_1.F_1.H_1.I:5v9h__1__1.H,external_val,0.9629370629,0.5362647922,0.4266722707
CLAPE-SMB,plinder:5v9h__1__1.A__1.D_1.F_1.H_1.I:5v9h__1__1.I,external_val,0.9617346939,0.4201363918,0.5415983020
CLAPE-SMB,plinder:5w1c__1__1.A__1.E_1.F:5w1c__1__1.F,external_val,0.8134920635,0.2924181280,0.5210739355
CLAPE-SMB,plinder:5xkd__1__1.B__1.F:5xkd__1__1.F,external_val,0.9909090909,0.5045311188,0.4863779722
CLAPE-SMB,plinder:5xkd__1__1.C__1.G:5xkd__1__1.G,external_val,0.9777495232,0.6056915740,0.3720579493
CLAPE-SMB,plinder:5xv2__1__2.A__2.B:5xv2__1__2.B,external_val,1.0000000000,0.5317711821,0.4682288179
CLAPE-SMB,plinder:5y2u__1__1.A__1.D:5y2u__1__1.D,external_val,1.0000000000,0.1580848633,0.8419151367
CLAPE-SMB,plinder:5y2u__1__1.B__1.E_1.F:5y2u__1__1.E,external_val,1.0000000000,0.1302777778,0.8697222222
CLAPE-SMB,plinder:5ya1__1__1.A__1.E:5ya1__1__1.E,external_val,0.9761904762,0.0933858047,0.8828046715
CLAPE-SMB,plinder:5yft__1__2.A__2.D:5yft__1__2.D,external_val,0.9935897436,0.3835326017,0.6100571419
CLAPE-SMB,plinder:5yft__1__2.B__2.J:5yft__1__2.J,external_val,1.0000000000,0.4144524137,0.5855475863
CLAPE-SMB,plinder:5yft__1__2.C__2.N:5yft__1__2.N,external_val,1.0000000000,0.3835326017,0.6164673983
CLAPE-SMB,plinder:5zyr__1__1.B__1.E:5zyr__1__1.E,external_val,0.9901360544,0.4596548432,0.5304812112
CLAPE-SMB,plinder:6b5e__1__1.B__1.Q:6b5e__1__1.Q,external_val,1.0000000000,0.0174673526,0.9825326474
CLAPE-SMB,plinder:6b5k__1__2.B__2.K:6b5k__1__2.K,external_val,1.0000000000,0.0194489316,0.9805510684
CLAPE-SMB,plinder:6czm__1__1.B__1.I:6czm__1__1.I,external_val,0.9617346939,0.2010571580,0.7606775359
CLAPE-SMB,plinder:6ie2__2__1.B__1.K_1.L:6ie2__2__1.L,external_val,0.8595238095,0.4973132750,0.3622105346
CLAPE-SMB,plinder:6ioh__1__1.B__1.D:6ioh__1__1.D,external_val,0.8357142857,0.3738514174,0.4618628683
CLAPE-SMB,plinder:6p7e__1__1.A__1.T:6p7e__1__1.T,external_val,1.0000000000,0.0264003004,0.9735996996
CLAPE-SMB,plinder:6p7e__2__1.B__1.Y:6p7e__2__1.Y,external_val,1.0000000000,0.0259904685,0.9740095315
CLAPE-SMB,plinder:7ce9__1__1.A__1.Q_1.R:7ce9__1__1.R,external_val,0.9459876543,0.5133761272,0.4326115271
CLAPE-SMB,plinder:7f4p__1__1.B__1.C:7f4p__1__1.C,external_val,1.0000000000,0.4691242183,0.5308757817
CLAPE-SMB,plinder:7k1l__1__1.A__1.C_1.D:7k1l__1__1.C,external_val,1.0000000000,0.3224560592,0.6775439408
CLAPE-SMB,plinder:7npa__1__1.B__1.SA:7npa__1__1.SA,external_val,0.9775934401,0.3982459532,0.5793474869
CLAPE-SMB,plinder:7u5f__1__1.A__1.E:7u5f__1__1.E,external_val,0.9797979798,0.4573447429,0.5224532369
CLAPE-SMB,plinder:8cp9__1__1.A__1.C_1.D:8cp9__1__1.C,external_val,0.9500171837,0.3845259800,0.5654912037
CLAPE-SMB,plinder:8cpb__1__1.B__1.H:8cpb__1__1.H,external_val,0.9436868687,0.0926442094,0.8510426593
CLAPE-SMB,plinder:8dko__1__1.A__1.C_1.D:8dko__1__1.C,external_val,0.9726645768,0.6764462252,0.2962183516
CLAPE-SMB,plinder:8dko__1__1.A__1.C_1.D:8dko__1__1.D,external_val,0.9761904762,0.1445076552,0.8316828210
CLAPE-SMB,plinder:8dkq__1__1.A__1.C_1.D:8dkq__1__1.C,external_val,0.9762339999,0.6872124963,0.2890215036
CLAPE-SMB,plinder:8i2r__1__1.A__1.D:8i2r__1__1.D,external_val,0.7100000000,0.2733333333,0.4366666667
CLAPE-SMB,plinder:8iii__1__1.A__1.C:8iii__1__1.C,external_val,1.0000000000,0.2509812410,0.7490187590
CLAPE-SMB,plinder:8j1c__1__1.A__1.E:8j1c__1__1.E,external_val,0.9587703963,0.6041335461,0.3546368502
LABind,plinder:1afb__1__1.A__1.D_1.F:1afb__1__1.D,external_test,0.8541666667,0.6777777778,0.1763888889
LABind,plinder:1gzf__3__1.C__1.I_1.J:1gzf__3__1.J,external_test,0.9593750000,0.8665674603,0.0928075397
LABind,plinder:1l4y__1__1.A__1.B_1.H:1l4y__1__1.H,external_test,0.9888888889,0.9216200466,0.0672688423
LABind,plinder:1lhv__1__2.A__2.D:1lhv__1__2.D,external_test,1.0000000000,0.2857638889,0.7142361111
LABind,plinder:1ofd__1__1.A__1.C_1.E:1ofd__1__1.C,external_test,0.9705128205,0.6767466602,0.2937661603
LABind,plinder:1ofd__1__1.A__1.C_1.E:1ofd__1__1.E,external_test,1.0000000000,0.8495029662,0.1504970338
LABind,plinder:1oik__1__2.A__2.C_2.D_2.E:1oik__1__2.D,external_test,1.0000000000,0.6833333333,0.3166666667
LABind,plinder:1omz__2__1.A__1.C_1.D:1omz__2__1.D,external_test,0.9583579882,0.8152471711,0.1431108170
LABind,plinder:1uj5__2__2.A__2.B:1uj5__2__2.B,external_test,0.9833333333,0.9021031746,0.0812301587
LABind,plinder:1w2c__2__1.B__1.H_1.I_1.J:1w2c__2__1.H,external_test,0.9761904762,0.6211640212,0.3550264550
LABind,plinder:1w2c__2__1.B__1.H_1.I_1.J:1w2c__2__1.I,external_test,1.0000000000,0.9478458050,0.0521541950
LABind,plinder:1wk9__1__1.A__1.B:1wk9__1__1.B,external_test,0.9821428571,0.6742019885,0.3079408687
LABind,plinder:1xpg__2__1.B__1.K:1xpg__2__1.K,external_test,1.0000000000,0.1037970386,0.8962029614
LABind,plinder:1xr2__1__1.A__1.D:1xr2__1__1.D,external_test,1.0000000000,0.6527010804,0.3472989196
LABind,plinder:2dwp__1__1.A__1.B_1.D_1.E:2dwp__1__1.E,external_test,0.9924242424,0.9339761249,0.0584481175
LABind,plinder:2fqw__1__1.A__1.B:2fqw__1__1.B,external_test,0.9821428571,0.7482142857,0.2339285714
LABind,plinder:2i7d__1__1.A__1.C_1.D_1.E:2i7d__1__1.E,external_test,0.8734126984,0.6344627595,0.2389499389
LABind,plinder:2pnc__1__1.B__1.O:2pnc__1__1.O,external_test,0.6684782609,0.5333333333,0.1351449275
LABind,plinder:2uag__1__1.A__1.B_1.D:2uag__1__1.D,external_test,0.9576330532,0.7529337521,0.2046993011
LABind,plinder:2vkd__1__1.A__1.D_1.E:2vkd__1__1.E,external_test,0.9456922163,0.7552458846,0.1904463317
LABind,plinder:2vkh__1__1.A__1.D_1.E:2vkh__1__1.E,external_test,0.9705128205,0.8406084656,0.1299043549
LABind,plinder:2yqh__1__1.A__1.C:2yqh__1__1.C,external_test,1.0000000000,0.8121315193,0.1878684807
LABind,plinder:2yqs__1__1.A__1.B_1.D:2yqs__1__1.D,external_test,0.9945054945,0.8453275608,0.1491779337
LABind,plinder:2yr6__1__1.A__1.D_1.E_1.F:2yr6__1__1.E,external_test,0.9761904762,0.7986111111,0.1775793651
LABind,plinder:3ayj__1__1.B__1.H_1.I_1.J:3ayj__1__1.H,external_test,0.9145301849,0.5201962968,0.3943338881
LABind,plinder:3bkq__1__1.A__1.B:3bkq__1__1.B,external_test,0.9861111111,0.2254869446,0.7606241665
LABind,plinder:3hxu__1__1.A__1.B:3hxu__1__1.B,external_test,0.9705128205,0.8905608974,0.0799519231
LABind,plinder:3it3__1__1.B__1.D:3it3__1__1.D,external_test,1.0000000000,0.9888888889,0.0111111111
LABind,plinder:3jsa__1__2.A__2.B:3jsa__1__2.B,external_test,0.9478458050,0.5255216693,0.4223241356
LABind,plinder:3ohb__1__1.A__1.D_1.E_1.F:3ohb__1__1.D,external_test,0.9797979798,0.9674523008,0.0123456790
LABind,plinder:3ova__1__2.A__2.C_2.E:3ova__1__2.C,external_test,0.8701388889,0.7478375791,0.1223013098
LABind,plinder:3pde__1__1.B__1.J_1.K_1.L_1.M:3pde__1__1.J,external_test,1.0000000000,1.0000000000,0.0000000000
LABind,plinder:3qcp__1__1.A__1.B:3qcp__1__1.B,external_test,0.9351256649,0.5345215852,0.4006040797
LABind,plinder:3t44__1__1.A__1.B_1.C:3t44__1__1.C,external_test,1.0000000000,0.9464285714,0.0535714286
LABind,plinder:3uel__1__1.A__1.D:3uel__1__1.D,external_test,1.0000000000,0.9219513393,0.0780486607
LABind,plinder:3vw2__1__1.A__1.E:3vw2__1__1.E,external_test,1.0000000000,0.4333333333,0.5666666667
LABind,plinder:3wqy__1__1.A__1.D:3wqy__1__1.D,external_test,0.9909090909,0.8826479076,0.1082611833
LABind,plinder:4aha__1__1.A__1.K:4aha__1__1.K,external_test,0.9666666667,0.2329263329,0.7337403337
LABind,plinder:4c49__3__1.C__1.G:4c49__3__1.G,external_test,0.9379251701,0.6688731903,0.2690519798
LABind,plinder:4cyi__2__1.C__1.M_1.N:4cyi__2__1.M,external_test,0.9526289683,0.0658342842,0.8867946840
LABind,plinder:4cyj__1__1.A__1.G_1.H:4cyj__1__1.G,external_test,0.9861111111,0.6323332917,0.3537778194
LABind,plinder:4edh__1__1.A__1.C_1.D_1.E:4edh__1__1.C,external_test,1.0000000000,0.7548546691,0.2451453309
LABind,plinder:4edh__1__1.A__1.C_1.D_1.E:4edh__1__1.D,external_test,0.9888888889,0.9598765432,0.0290123457
LABind,plinder:4gmd__2__1.D__1.O:4gmd__2__1.O,external_test,1.0000000000,0.7048926768,0.2951073232
LABind,plinder:4gyz__3__1.C__1.O_1.P:4gyz__3__1.O,external_test,0.9617346939,0.5170634921,0.4446712018
LABind,plinder:4i4v__2__1.D__1.L:4i4v__2__1.L,external_test,1.0000000000,0.1555555556,0.8444444444
LABind,plinder:4js1__1__1.A__1.C_1.D:4js1__1__1.C,external_test,1.0000000000,0.6056388056,0.3943611944
LABind,plinder:4jvo__1__1.A__1.C:4jvo__1__1.C,external_test,1.0000000000,0.7440476190,0.2559523810
LABind,plinder:4qnu__6__1.F__1.T:4qnu__6__1.T,external_test,0.9805194805,0.5781097643,0.4024097162
LABind,plinder:4rus__2__1.C__1.V:4rus__2__1.V,external_test,1.0000000000,0.2476851852,0.7523148148
LABind,plinder:4tsq__3__1.C__1.U:4tsq__3__1.U,external_test,1.0000000000,0.4519230769,0.5480769231
LABind,plinder:4x3m__1__1.A__1.C:4x3m__1__1.C,external_test,0.9500000000,0.7784090909,0.1715909091
LABind,plinder:4x8d__2__1.B__1.T_1.U_1.V:4x8d__2__1.T,external_test,1.0000000000,0.4891395155,0.5108604845
LABind,plinder:4xp9__1__1.A__1.H:4xp9__1__1.H,external_test,1.0000000000,0.0579548927,0.9420451073
LABind,plinder:4xqc__1__1.B__1.J:4xqc__1__1.J,external_test,0.9513755475,0.6716194062,0.2797561413
LABind,plinder:4yco__3__1.C__1.J:4yco__3__1.J,external_test,0.8804935805,0.8342062828,0.0462872976
LABind,plinder:4yzl__1__1.A__1.B_1.C:4yzl__1__1.C,external_test,0.9379251701,0.7545918367,0.1833333333
LABind,plinder:4zr5__2__1.A__1.G_1.H:4zr5__2__1.H,external_test,0.9502840909,0.3717532468,0.5785308442
LABind,plinder:5adv__2__1.C__1.L_1.M_1.N:5adv__2__1.N,external_test,1.0000000000,0.7291925466,0.2708074534
LABind,plinder:5df1__2__1.B__1.G_1.H:5df1__2__1.G,external_test,0.9930555556,0.9649943673,0.0280611882
LABind,plinder:5eq9__1__1.A__1.E:5eq9__1__1.E,external_test,0.9500000000,0.6950757576,0.2549242424
LABind,plinder:5f2n__1__1.B__1.E_1.F:5f2n__1__1.E,external_test,1.0000000000,0.5459706960,0.4540293040
LABind,plinder:5h41__1__1.A__1.C_1.E_1.F:5h41__1__1.E,external_test,0.8100000000,0.6961904762,0.1138095238
LABind,plinder:5jqw__1__1.A__1.B:5jqw__1__1.B,external_test,0.9254656959,0.1586579253,0.7668077706
LABind,plinder:5ost__1__1.A__1.P:5ost__1__1.P,external_test,0.9040178571,0.5256944444,0.3783234127
LABind,plinder:5slg__1__1.A__1.G:5slg__1__1.G,external_test,0.9666666667,0.9428571429,0.0238095238
LABind,plinder:5t64__1__1.B__1.M:5t64__1__1.M,external_test,1.0000000000,0.5993783994,0.4006216006
LABind,plinder:6a8p__3__1.C__1.F:6a8p__3__1.F,external_test,0.9093537415,0.7058061821,0.2035475594
LABind,plinder:6apl__1__1.A__1.G:6apl__1__1.G,external_test,1.0000000000,0.3844259092,0.6155740908
LABind,plinder:6cip__2__1.D__1.CA_1.DA:6cip__2__1.CA,external_test,0.9125755835,0.6310501658,0.2815254176
LABind,plinder:6e08__1__1.A__1.B:6e08__1__1.B,external_test,1.0000000000,0.2246894948,0.7753105052
LABind,plinder:6el3__3__1.A__1.G:6el3__3__1.G,external_test,0.9952380952,0.4396735059,0.5555645894
LABind,plinder:6f83__1__1.A__1.C:6f83__1__1.C,external_test,1.0000000000,0.1428806303,0.8571193697
LABind,plinder:6fl8__1__1.A__1.C_1.D_1.E_1.G:6fl8__1__1.C,external_test,1.0000000000,0.8708333333,0.1291666667
LABind,plinder:6fl8__2__1.B__1.J_1.K_1.L:6fl8__2__1.J,external_test,0.9086435786,0.6370278795,0.2716156991
LABind,plinder:6i1g__2__1.B__1.D:6i1g__2__1.D,external_test,0.9063455988,0.9122222222,-0.0058766234
LABind,plinder:6imj__1__1.A__1.E_1.G_1.H:6imj__1__1.E,external_test,0.9909090909,0.1323288090,0.8585802819
LABind,plinder:6kal__1__1.A__1.G_1.H:6kal__1__1.G,external_test,0.9761904762,0.5841982092,0.3919922670
LABind,plinder:6lfr__1__1.A__1.B:6lfr__1__1.B,external_test,0.9333765771,0.7141022172,0.2192743599
LABind,plinder:6lft__1__1.A__1.B_1.C:6lft__1__1.C,external_test,0.9453444703,0.7856711089,0.1596733615
LABind,plinder:6ms8__1__1.A__1.I:6ms8__1__1.I,external_test,1.0000000000,0.8751984127,0.1248015873
LABind,plinder:6tlk__2__1.D__1.R:6tlk__2__1.R,external_test,1.0000000000,0.8432900433,0.1567099567
LABind,plinder:6x5t__2__1.D__1.Q:6x5t__2__1.Q,external_test,0.9304064919,0.5534931794,0.3769133125
LABind,plinder:6x5u__4__2.F__2.X:6x5u__4__2.X,external_test,0.9009952466,0.4873039416,0.4136913050
LABind,plinder:6y88__6__1.F__1.U:6y88__6__1.U,external_test,0.9910714286,0.8782613045,0.1128101240
LABind,plinder:6yab__2__1.B__1.I:6yab__2__1.I,external_test,0.9750000000,0.6412878788,0.3337121212
LABind,plinder:6ykb__1__1.A__1.C:6ykb__1__1.C,external_test,1.0000000000,0.1867349970,0.8132650030
LABind,plinder:6zxb__1__1.B__1.L_1.N_1.O:6zxb__1__1.L,external_test,0.9202741703,0.8491883117,0.0710858586
LABind,plinder:7ac8__3__1.E__1.K:7ac8__3__1.K,external_test,1.0000000000,0.8787120151,0.1212879849
LABind,plinder:7cta__1__2.B__2.E_2.F:7cta__1__2.E,external_test,0.9649678604,0.5755333317,0.3894345287
LABind,plinder:7em1__1__1.A__1.D:7em1__1__1.D,external_test,0.8750000000,0.1191760745,0.7558239255
LABind,plinder:7plr__3__1.C__1.O_1.P_1.Q_1.R:7plr__3__1.O,external_test,0.8875000000,0.6019230769,0.2855769231
LABind,plinder:7rbw__2__1.B__1.D:7rbw__2__1.D,external_test,1.0000000000,0.6850760557,0.3149239443
LABind,plinder:7rtc__2__1.B__1.E:7rtc__2__1.E,external_test,0.9821428571,0.5935279375,0.3886149197
LABind,plinder:7u0r__1__1.B__1.I_1.J_1.K_1.L:7u0r__1__1.J,external_test,0.9115961199,0.8790123457,0.0325837743
LABind,plinder:7u8y__1__1.B__1.G_1.H_1.I_1.J:7u8y__1__1.H,external_test,1.0000000000,0.6500437675,0.3499562325
LABind,plinder:8e1v__1__1.A__1.C_1.D:8e1v__1__1.C,external_test,0.9060405644,0.6228333476,0.2832072168
LABind,plinder:8g9d__1__1.A__1.B:8g9d__1__1.B,external_test,1.0000000000,0.9679144385,0.0320855615
LABind,plinder:8og5__1__1.A__1.D:8og5__1__1.D,external_test,0.8541666667,0.2161398467,0.6380268199
LABind,plinder:8one__1__1.A__1.F_1.K:8one__1__1.K,external_test,0.9075829263,0.8649864025,0.0425965238
LABind,plinder:1jed__1__3.B__3.SA_3.TA:1jed__1__3.TA,external_val,1.0000000000,0.7287477954,0.2712522046
LABind,plinder:1jee__1__3.A__3.T_3.TA:1jee__1__3.TA,external_val,1.0000000000,0.6992865160,0.3007134840
LABind,plinder:1lvg__1__1.A__1.B_1.D:1lvg__1__1.D,external_val,0.9697979798,0.8574531025,0.1123448773
LABind,plinder:1mn0__1__1.B__1.E:1mn0__1__1.E,external_val,0.6666666667,0.8666666667,-0.2000000000
LABind,plinder:1qw9__1__3.A__3.C:1qw9__1__3.C,external_val,1.0000000000,0.7750000000,0.2250000000
LABind,plinder:1u6r__1__1.B__1.E_1.F_1.G_1.H:1u6r__1__1.G,external_val,0.9419191919,0.6760471781,0.2658720138
LABind,plinder:1wb9__1__1.A__1.E_1.F:1wb9__1__1.E,external_val,1.0000000000,0.9603174603,0.0396825397
LABind,plinder:1xco__2__1.C__1.R:1xco__2__1.R,external_val,1.0000000000,0.6555555556,0.3444444444
LABind,plinder:1y2w__1__1.A__1.E:1y2w__1__1.E,external_val,1.0000000000,0.0978139703,0.9021860297
LABind,plinder:1y2w__1__2.A__2.E:1y2w__1__2.E,external_val,1.0000000000,0.1122751732,0.8877248268
LABind,plinder:1y2x__1__1.A__1.I:1y2x__1__1.I,external_val,1.0000000000,0.0656929278,0.9343070722
LABind,plinder:1zdg__1__2.A__2.B_2.D:1zdg__1__2.D,external_val,0.9924242424,0.8076953748,0.1847288676
LABind,plinder:2e1t__2__1.B__1.D:2e1t__2__1.D,external_val,0.9877124183,0.7682404434,0.2194719749
LABind,plinder:2e5a__1__1.A__1.E:2e5a__1__1.E,external_val,1.0000000000,0.5961038961,0.4038961039
LABind,plinder:2fmn__1__2.B__2.F_2.G:2fmn__1__2.F,external_val,0.9844444444,0.6692740203,0.3151704241
LABind,plinder:2iyi__1__1.B__1.E:2iyi__1__1.E,external_val,0.9821428571,0.5763347763,0.4058080808
LABind,plinder:2plm__1__1.A__1.B_1.C:2plm__1__1.C,external_val,0.8670995671,0.3686818928,0.4984176743
LABind,plinder:2qm7__1__1.A__1.E:2qm7__1__1.E,external_val,1.0000000000,0.9403069153,0.0596930847
LABind,plinder:2vck__1__1.A__1.E:2vck__1__1.E,external_val,0.8676736227,0.3136511715,0.5540224512
LABind,plinder:2x9j__2__1.B__1.D:2x9j__2__1.D,external_val,0.8930816098,0.6276980645,0.2653835453
LABind,plinder:2y4l__1__1.A__1.C_1.D_1.E:2y4l__1__1.D,external_val,0.9861111111,0.3321867746,0.6539243365
LABind,plinder:2y4l__2__1.B__1.I_1.J:2y4l__2__1.J,external_val,0.9093537415,0.5223665224,0.3869872191
LABind,plinder:3afh__1__1.A__1.B:3afh__1__1.B,external_val,1.0000000000,0.7284371184,0.2715628816
LABind,plinder:3cj9__1__1.A__1.D:3cj9__1__1.D,external_val,0.9266666667,0.8111111111,0.1155555556
LABind,plinder:3cja__1__1.A__1.B_1.C:3cja__1__1.C,external_val,0.9707362082,0.8240183700,0.1467178383
LABind,plinder:3dzv__1__3.A__3.E:3dzv__1__3.E,external_val,0.9821428571,0.1903075344,0.7918353227
LABind,plinder:3etg__1__1.A__1.I:3etg__1__1.I,external_val,0.9888888889,0.7619952659,0.2268936229
LABind,plinder:3i3q__2__1.B__1.E_1.F:3i3q__2__1.E,external_val,0.8909171076,0.7945597612,0.0963573464
LABind,plinder:3pju__1__2.A__2.B:3pju__1__2.B,external_val,0.9288991101,0.6445294058,0.2843697044
LABind,plinder:3rog__1__1.A__1.B:3rog__1__1.B,external_val,0.8850000000,0.0502197955,0.8347802045
LABind,plinder:3rsb__1__1.A__1.E:3rsb__1__1.E,external_val,0.9502840909,0.1056487322,0.8446353588
LABind,plinder:3rzp__1__1.A__1.E:3rzp__1__1.E,external_val,0.9484126984,0.5984126984,0.3500000000
LABind,plinder:3rzp__1__1.B__1.G:3rzp__1__1.G,external_val,1.0000000000,0.4865546218,0.5134453782
LABind,plinder:3rzp__2__1.D__1.I:3rzp__2__1.I,external_val,0.9150793651,0.6217948718,0.2932844933
LABind,plinder:3se5__1__1.C__1.L_1.N:3se5__1__1.L,external_val,1.0000000000,0.9595404595,0.0404595405
LABind,plinder:3svw__1__1.A__1.K:3svw__1__1.K,external_val,0.9859693878,0.2553010624,0.7306683253
LABind,plinder:3svw__1__1.B__1.P:3svw__1__1.P,external_val,0.9838264300,0.2938421000,0.6899843300
LABind,plinder:3svw__1__1.B__1.Q:3svw__1__1.Q,external_val,0.9945054945,0.2257233432,0.7687821514
LABind,plinder:3ubm__2__1.D__1.H:3ubm__2__1.H,external_val,0.9722550177,0.8515158589,0.1207391588
LABind,plinder:3wbb__1__2.A__2.H:3wbb__1__2.H,external_val,0.9285204991,0.6666434529,0.2618770462
LABind,plinder:4cj6__1__1.A__1.B:4cj6__1__1.B,external_val,0.9680884832,0.7539338368,0.2141546464
LABind,plinder:4d47__2__1.B__1.K_1.L:4d47__2__1.L,external_val,0.9166666667,0.1485042735,0.7681623932
LABind,plinder:4f0s__1__1.A__1.B:4f0s__1__1.B,external_val,0.8875000000,0.0173422791,0.8701577209
LABind,plinder:4fws__1__2.A__2.F:4fws__1__2.F,external_val,0.9085858586,0.7420875421,0.1664983165
LABind,plinder:4g88__2__1.D__1.L:4g88__2__1.L,external_val,1.0000000000,0.8597505669,0.1402494331
LABind,plinder:4gol__1__1.A__1.D:4gol__1__1.D,external_val,0.7440476190,0.3996693122,0.3443783069
LABind,plinder:4gom__1__1.A__1.D:4gom__1__1.D,external_val,1.0000000000,0.6247023810,0.3752976190
LABind,plinder:4hh0__1__1.A__1.C:4hh0__1__1.C,external_val,1.0000000000,0.6728826729,0.3271173271
LABind,plinder:4hoh__1__1.A__1.E:4hoh__1__1.E,external_val,1.0000000000,0.8583333333,0.1416666667
LABind,plinder:4jk3__1__1.A__1.C_1.E:4jk3__1__1.C,external_val,0.9500000000,0.0914137487,0.8585862513
LABind,plinder:4o8a__1__1.A__1.B_1.C:4o8a__1__1.B,external_val,0.9807017544,0.7603124798,0.2203892746
LABind,plinder:4owu__1__1.A__1.C_1.D_1.E:4owu__1__1.E,external_val,1.0000000000,0.9202681578,0.0797318422
LABind,plinder:4rdy__1__1.A__1.C_1.D_1.E:4rdy__1__1.E,external_val,0.9910714286,0.2749210481,0.7161503804
LABind,plinder:4xt7__1__1.A__1.B_1.C_1.D:4xt7__1__1.B,external_val,0.9786119711,0.8972062762,0.0814056949
LABind,plinder:5icl__1__1.A__1.C:5icl__1__1.C,external_val,0.9047619048,0.5888907176,0.3158711872
LABind,plinder:5k7u__1__1.A__1.C:5k7u__1__1.C,external_val,1.0000000000,0.9588235294,0.0411764706
LABind,plinder:5kod__2__1.B__1.G_1.H:5kod__2__1.G,external_val,0.9284090909,0.6960279304,0.2323811605
LABind,plinder:5kod__4__1.D__1.M_1.N:5kod__4__1.N,external_val,1.0000000000,0.6666666667,0.3333333333
LABind,plinder:5mug__1__24.A__24.B:5mug__1__24.B,external_val,0.9804748823,0.7752384321,0.2052364502
LABind,plinder:5s4c__1__1.A__1.C:5s4c__1__1.C,external_val,1.0000000000,0.0204081633,0.9795918367
LABind,plinder:5suk__1__1.B__1.H:5suk__1__1.H,external_val,0.9526289683,0.3740056818,0.5786232864
LABind,plinder:5sxg__2__1.B__1.G_1.H:5sxg__2__1.H,external_val,0.9305555556,0.6167989418,0.3137566138
LABind,plinder:5trd__1__1.A__1.E_1.F:5trd__1__1.E,external_val,0.9945054945,0.7491815876,0.2453239069
LABind,plinder:5trd__1__1.B__1.G_1.H:5trd__1__1.G,external_val,0.9866452991,0.7934916935,0.1931536057
LABind,plinder:5us6__1__1.C__1.T_1.U:5us6__1__1.U,external_val,1.0000000000,0.7218253968,0.2781746032
LABind,plinder:5ux7__1__1.C__1.I:5ux7__1__1.I,external_val,0.9860139860,0.8099829463,0.1760310397
LABind,plinder:5v9h__1__1.A__1.D_1.F_1.H_1.I:5v9h__1__1.H,external_val,0.9629370629,0.8521235910,0.1108134720
LABind,plinder:5v9h__1__1.A__1.D_1.F_1.H_1.I:5v9h__1__1.I,external_val,0.9617346939,0.9821428571,-0.0204081633
LABind,plinder:5w1c__1__1.A__1.E_1.F:5w1c__1__1.F,external_val,0.8134920635,0.4185999186,0.3948921449
LABind,plinder:5xkd__1__1.B__1.F:5xkd__1__1.F,external_val,0.9909090909,0.4893120278,0.5015970631
LABind,plinder:5xkd__1__1.C__1.G:5xkd__1__1.G,external_val,0.9777495232,0.5697276830,0.4080218402
LABind,plinder:5xv2__1__2.A__2.B:5xv2__1__2.B,external_val,1.0000000000,0.9036190849,0.0963809151
LABind,plinder:5y2u__1__1.A__1.D:5y2u__1__1.D,external_val,1.0000000000,0.9093537415,0.0906462585
LABind,plinder:5y2u__1__1.B__1.E_1.F:5y2u__1__1.E,external_val,1.0000000000,0.6585281385,0.3414718615
LABind,plinder:5ya1__1__1.A__1.E:5ya1__1__1.E,external_val,0.9761904762,0.6482664996,0.3279239766
LABind,plinder:5yft__1__2.A__2.D:5yft__1__2.D,external_val,0.9935897436,0.8346530784,0.1589366652
LABind,plinder:5yft__1__2.B__2.J:5yft__1__2.J,external_val,1.0000000000,0.9676434676,0.0323565324
LABind,plinder:5yft__1__2.C__2.N:5yft__1__2.N,external_val,1.0000000000,0.7923212874,0.2076787126
LABind,plinder:5zyr__1__1.B__1.E:5zyr__1__1.E,external_val,0.9901360544,0.7442535639,0.2458824905
LABind,plinder:6b5e__1__1.B__1.Q:6b5e__1__1.Q,external_val,1.0000000000,0.0849237966,0.9150762034
LABind,plinder:6b5k__1__2.B__2.K:6b5k__1__2.K,external_val,1.0000000000,0.0953492295,0.9046507705
LABind,plinder:6czm__1__1.B__1.I:6czm__1__1.I,external_val,0.9617346939,0.7398268398,0.2219078541
LABind,plinder:6ie2__2__1.B__1.K_1.L:6ie2__2__1.L,external_val,0.8595238095,0.5422077922,0.3173160173
LABind,plinder:6ioh__1__1.B__1.D:6ioh__1__1.D,external_val,0.8357142857,0.3748168498,0.4608974359
LABind,plinder:6p7e__1__1.A__1.T:6p7e__1__1.T,external_val,1.0000000000,0.0868055556,0.9131944444
LABind,plinder:6p7e__2__1.B__1.Y:6p7e__2__1.Y,external_val,1.0000000000,0.0758103481,0.9241896519
LABind,plinder:7ce9__1__1.A__1.Q_1.R:7ce9__1__1.R,external_val,0.9459876543,0.8743978244,0.0715898299
LABind,plinder:7f4p__1__1.B__1.C:7f4p__1__1.C,external_val,1.0000000000,0.7346171802,0.2653828198
LABind,plinder:7k1l__1__1.A__1.C_1.D:7k1l__1__1.C,external_val,1.0000000000,0.5454901961,0.4545098039
LABind,plinder:7npa__1__1.B__1.SA:7npa__1__1.SA,external_val,0.9775934401,0.6706852904,0.3069081497
LABind,plinder:7nsn__1__1.A__1.C_1.G:7nsn__1__1.G,external_val,0.8303571429,0.3146103896,0.5157467532
LABind,plinder:7u5f__1__1.A__1.E:7u5f__1__1.E,external_val,0.9797979798,0.6257677021,0.3540302777
LABind,plinder:8cp9__1__1.A__1.C_1.D:8cp9__1__1.C,external_val,0.9500171837,0.7583839337,0.1916332500
LABind,plinder:8cpb__1__1.B__1.H:8cpb__1__1.H,external_val,0.9436868687,0.5915676372,0.3521192315
LABind,plinder:8dko__1__1.A__1.C_1.D:8dko__1__1.C,external_val,0.9726645768,0.8079373469,0.1647272299
LABind,plinder:8dko__1__1.A__1.C_1.D:8dko__1__1.D,external_val,0.9761904762,0.8166666667,0.1595238095
LABind,plinder:8dkq__1__1.A__1.C_1.D:8dkq__1__1.C,external_val,0.9762339999,0.7839087656,0.1923252344
LABind,plinder:8i2r__1__1.A__1.D:8i2r__1__1.D,external_val,0.7100000000,0.5833333333,0.1266666667
LABind,plinder:8iii__1__1.A__1.C:8iii__1__1.C,external_val,1.0000000000,1.0000000000,0.0000000000
LABind,plinder:8j1c__1__1.A__1.E:8j1c__1__1.E,external_val,0.9587703963,0.7954141379,0.1633562584
P2Rank,plinder:1afb__1__1.A__1.D_1.F:1afb__1__1.D,external_test,0.8541666667,0.0631868567,0.7909798099
P2Rank,plinder:1gzf__3__1.C__1.I_1.J:1gzf__3__1.J,external_test,0.9593750000,0.3869217251,0.5724532749
P2Rank,plinder:1l4y__1__1.A__1.B_1.H:1l4y__1__1.H,external_test,0.9888888889,0.4824757575,0.5064131314
P2Rank,plinder:1lhv__1__2.A__2.D:1lhv__1__2.D,external_test,1.0000000000,0.4326923077,0.5673076923
P2Rank,plinder:1ofd__1__1.A__1.C_1.E:1ofd__1__1.C,external_test,0.9705128205,0.5352472827,0.4352655378
P2Rank,plinder:1ofd__1__1.A__1.C_1.E:1ofd__1__1.E,external_test,1.0000000000,0.1676487292,0.8323512708
P2Rank,plinder:1oik__1__2.A__2.C_2.D_2.E:1oik__1__2.D,external_test,1.0000000000,0.7075757576,0.2924242424
P2Rank,plinder:1omz__2__1.A__1.C_1.D:1omz__2__1.D,external_test,0.9583579882,0.3484733228,0.6098846654
P2Rank,plinder:1uj5__2__2.A__2.B:1uj5__2__2.B,external_test,0.9833333333,0.5307405993,0.4525927341
P2Rank,plinder:1w2c__2__1.B__1.H_1.I_1.J:1w2c__2__1.H,external_test,0.9761904762,0.2658935850,0.7102968912
P2Rank,plinder:1w2c__2__1.B__1.H_1.I_1.J:1w2c__2__1.I,external_test,1.0000000000,0.0833713119,0.9166286881
P2Rank,plinder:1wk9__1__1.A__1.B:1wk9__1__1.B,external_test,0.9821428571,0.6196819325,0.3624609246
P2Rank,plinder:1xpg__2__1.B__1.K:1xpg__2__1.K,external_test,1.0000000000,0.0504613846,0.9495386154
P2Rank,plinder:1xr2__1__1.A__1.D:1xr2__1__1.D,external_test,1.0000000000,0.0502875587,0.9497124413
P2Rank,plinder:2dwp__1__1.A__1.B_1.D_1.E:2dwp__1__1.E,external_test,0.9924242424,0.3099840870,0.6824401554
P2Rank,plinder:2fqw__1__1.A__1.B:2fqw__1__1.B,external_test,0.9821428571,0.6701839827,0.3119588745
P2Rank,plinder:2i7d__1__1.A__1.C_1.D_1.E:2i7d__1__1.E,external_test,0.8734126984,0.5900284900,0.2833842084
P2Rank,plinder:2pnc__1__1.B__1.O:2pnc__1__1.O,external_test,0.6684782609,0.1112193362,0.5572589247
P2Rank,plinder:2uag__1__1.A__1.B_1.D:2uag__1__1.D,external_test,0.9576330532,0.1988506475,0.7587824057
P2Rank,plinder:2vkd__1__1.A__1.D_1.E:2vkd__1__1.E,external_test,0.9456922163,0.4562722662,0.4894199501
P2Rank,plinder:2vkh__1__1.A__1.D_1.E:2vkh__1__1.E,external_test,0.9705128205,0.3354517580,0.6350610625
P2Rank,plinder:2yqh__1__1.A__1.C:2yqh__1__1.C,external_test,1.0000000000,0.6319004525,0.3680995475
P2Rank,plinder:2yqs__1__1.A__1.B_1.D:2yqs__1__1.D,external_test,0.9945054945,0.5855394357,0.4089660588
P2Rank,plinder:2yr6__1__1.A__1.D_1.E_1.F:2yr6__1__1.E,external_test,0.9761904762,0.4635119048,0.5126785714
P2Rank,plinder:3ayj__1__1.B__1.H_1.I_1.J:3ayj__1__1.H,external_test,0.9145301849,0.4137328066,0.5007973783
P2Rank,plinder:3bkq__1__1.A__1.B:3bkq__1__1.B,external_test,0.9861111111,0.6456168831,0.3404942280
P2Rank,plinder:3hxu__1__1.A__1.B:3hxu__1__1.B,external_test,0.9705128205,0.7188850866,0.2516277339
P2Rank,plinder:3it3__1__1.B__1.D:3it3__1__1.D,external_test,1.0000000000,0.7612433862,0.2387566138
P2Rank,plinder:3jsa__1__2.A__2.B:3jsa__1__2.B,external_test,0.9478458050,0.2253693560,0.7224764490
P2Rank,plinder:3ohb__1__1.A__1.D_1.E_1.F:3ohb__1__1.D,external_test,0.9797979798,0.4309657421,0.5488322377
P2Rank,plinder:3ova__1__2.A__2.C_2.E:3ova__1__2.C,external_test,0.8701388889,0.5669108669,0.3032280220
P2Rank,plinder:3pde__1__1.B__1.J_1.K_1.L_1.M:3pde__1__1.J,external_test,1.0000000000,0.6220238095,0.3779761905
P2Rank,plinder:3qcp__1__1.A__1.B:3qcp__1__1.B,external_test,0.9351256649,0.6402917051,0.2948339599
P2Rank,plinder:3t44__1__1.A__1.B_1.C:3t44__1__1.C,external_test,1.0000000000,0.5218372711,0.4781627289
P2Rank,plinder:3uel__1__1.A__1.D:3uel__1__1.D,external_test,1.0000000000,0.4353221880,0.5646778120
P2Rank,plinder:3vw2__1__1.A__1.E:3vw2__1__1.E,external_test,1.0000000000,0.5285714286,0.4714285714
P2Rank,plinder:3wqy__1__1.A__1.D:3wqy__1__1.D,external_test,0.9909090909,0.6159572650,0.3749518260
P2Rank,plinder:4aha__1__1.A__1.K:4aha__1__1.K,external_test,0.9666666667,0.0430448343,0.9236218324
P2Rank,plinder:4c49__3__1.C__1.G:4c49__3__1.G,external_test,0.9379251701,0.6291263874,0.3087987827
P2Rank,plinder:4cyi__2__1.C__1.M_1.N:4cyi__2__1.M,external_test,0.9526289683,0.1464716794,0.8061572889
P2Rank,plinder:4cyj__1__1.A__1.G_1.H:4cyj__1__1.G,external_test,0.9861111111,0.4035868700,0.5825242412
P2Rank,plinder:4edh__1__1.A__1.C_1.D_1.E:4edh__1__1.C,external_test,1.0000000000,0.1972159988,0.8027840012
P2Rank,plinder:4edh__1__1.A__1.C_1.D_1.E:4edh__1__1.D,external_test,0.9888888889,0.5789377289,0.4099511600
P2Rank,plinder:4gmd__2__1.D__1.O:4gmd__2__1.O,external_test,1.0000000000,0.4243749587,0.5756250413
P2Rank,plinder:4gyz__3__1.C__1.O_1.P:4gyz__3__1.O,external_test,0.9617346939,0.4834467120,0.4782879819
P2Rank,plinder:4i4v__2__1.D__1.L:4i4v__2__1.L,external_test,1.0000000000,0.0399209486,0.9600790514
P2Rank,plinder:4js1__1__1.A__1.C_1.D:4js1__1__1.C,external_test,1.0000000000,0.6691747468,0.3308252532
P2Rank,plinder:4jvo__1__1.A__1.C:4jvo__1__1.C,external_test,1.0000000000,0.4082782714,0.5917217286
P2Rank,plinder:4qnu__6__1.F__1.T:4qnu__6__1.T,external_test,0.9805194805,0.4528368097,0.5276826709
P2Rank,plinder:4rus__2__1.C__1.V:4rus__2__1.V,external_test,1.0000000000,0.0286751983,0.9713248017
P2Rank,plinder:4tsq__3__1.C__1.U:4tsq__3__1.U,external_test,1.0000000000,0.3139932984,0.6860067016
P2Rank,plinder:4x3m__1__1.A__1.C:4x3m__1__1.C,external_test,0.9500000000,0.0351358271,0.9148641729
P2Rank,plinder:4x8d__2__1.B__1.T_1.U_1.V:4x8d__2__1.T,external_test,1.0000000000,0.3832490333,0.6167509667
P2Rank,plinder:4xp9__1__1.A__1.H:4xp9__1__1.H,external_test,1.0000000000,0.0214213236,0.9785786764
P2Rank,plinder:4xqc__1__1.B__1.J:4xqc__1__1.J,external_test,0.9513755475,0.6732889283,0.2780866193
P2Rank,plinder:4yco__3__1.C__1.J:4yco__3__1.J,external_test,0.8804935805,0.4860523752,0.3944412053
P2Rank,plinder:4yzl__1__1.A__1.B_1.C:4yzl__1__1.C,external_test,0.9379251701,0.7258503401,0.2120748299
P2Rank,plinder:4zr5__2__1.A__1.G_1.H:4zr5__2__1.H,external_test,0.9502840909,0.6333031401,0.3169809508
P2Rank,plinder:5adv__2__1.C__1.L_1.M_1.N:5adv__2__1.N,external_test,1.0000000000,0.1276390276,0.8723609724
P2Rank,plinder:5df1__2__1.B__1.G_1.H:5df1__2__1.G,external_test,0.9930555556,0.4488826115,0.5441729441
P2Rank,plinder:5eq9__1__1.A__1.E:5eq9__1__1.E,external_test,0.9500000000,0.3971428571,0.5528571429
P2Rank,plinder:5f2n__1__1.B__1.E_1.F:5f2n__1__1.E,external_test,1.0000000000,0.1316866376,0.8683133624
P2Rank,plinder:5h41__1__1.A__1.C_1.E_1.F:5h41__1__1.E,external_test,0.8100000000,0.4057142857,0.4042857143
P2Rank,plinder:5jqw__1__1.A__1.B:5jqw__1__1.B,external_test,0.9254656959,0.3739569259,0.5515087700
P2Rank,plinder:5ost__1__1.A__1.P:5ost__1__1.P,external_test,0.9040178571,0.5919642857,0.3120535714
P2Rank,plinder:5slg__1__1.A__1.G:5slg__1__1.G,external_test,0.9666666667,0.5187188339,0.4479478328
P2Rank,plinder:5t64__1__1.B__1.M:5t64__1__1.M,external_test,1.0000000000,0.1199536976,0.8800463024
P2Rank,plinder:6a8p__3__1.C__1.F:6a8p__3__1.F,external_test,0.9093537415,0.1911649032,0.7181888383
P2Rank,plinder:6apl__1__1.A__1.G:6apl__1__1.G,external_test,1.0000000000,0.7686363636,0.2313636364
P2Rank,plinder:6cip__2__1.D__1.CA_1.DA:6cip__2__1.CA,external_test,0.9125755835,0.5514906312,0.3610849523
P2Rank,plinder:6e08__1__1.A__1.B:6e08__1__1.B,external_test,1.0000000000,0.3741350268,0.6258649732
P2Rank,plinder:6el3__3__1.A__1.G:6el3__3__1.G,external_test,0.9952380952,0.4492294676,0.5460086277
P2Rank,plinder:6f83__1__1.A__1.C:6f83__1__1.C,external_test,1.0000000000,0.5197563225,0.4802436775
P2Rank,plinder:6fl8__1__1.A__1.C_1.D_1.E_1.G:6fl8__1__1.C,external_test,1.0000000000,0.1856520716,0.8143479284
P2Rank,plinder:6fl8__2__1.B__1.J_1.K_1.L:6fl8__2__1.J,external_test,0.9086435786,0.1614693737,0.7471742050
P2Rank,plinder:6i1g__2__1.B__1.D:6i1g__2__1.D,external_test,0.9063455988,0.7588935574,0.1474520414
P2Rank,plinder:6imj__1__1.A__1.E_1.G_1.H:6imj__1__1.E,external_test,0.9909090909,0.2547468579,0.7361622331
P2Rank,plinder:6kal__1__1.A__1.G_1.H:6kal__1__1.G,external_test,0.9761904762,0.1016635769,0.8745268993
P2Rank,plinder:6lfr__1__1.A__1.B:6lfr__1__1.B,external_test,0.9333765771,0.6378436502,0.2955329269
P2Rank,plinder:6lft__1__1.A__1.B_1.C:6lft__1__1.C,external_test,0.9453444703,0.6710673120,0.2742771583
P2Rank,plinder:6ms8__1__1.A__1.I:6ms8__1__1.I,external_test,1.0000000000,0.7467147436,0.2532852564
P2Rank,plinder:6tlk__2__1.D__1.R:6tlk__2__1.R,external_test,1.0000000000,0.0760108541,0.9239891459
P2Rank,plinder:6x5t__2__1.D__1.Q:6x5t__2__1.Q,external_test,0.9304064919,0.7073132554,0.2230932365
P2Rank,plinder:6x5u__4__2.F__2.X:6x5u__4__2.X,external_test,0.9009952466,0.5401260687,0.3608691779
P2Rank,plinder:6y88__6__1.F__1.U:6y88__6__1.U,external_test,0.9910714286,0.6512434662,0.3398279624
P2Rank,plinder:6yab__2__1.B__1.I:6yab__2__1.I,external_test,0.9750000000,0.6770348085,0.2979651915
P2Rank,plinder:6ykb__1__1.A__1.C:6ykb__1__1.C,external_test,1.0000000000,0.1172467532,0.8827532468
P2Rank,plinder:6zxb__1__1.B__1.L_1.N_1.O:6zxb__1__1.L,external_test,0.9202741703,0.1218381577,0.7984360126
P2Rank,plinder:7ac8__3__1.E__1.K:7ac8__3__1.K,external_test,1.0000000000,0.6626831563,0.3373168437
P2Rank,plinder:7cta__1__2.B__2.E_2.F:7cta__1__2.E,external_test,0.9649678604,0.4662698820,0.4986979784
P2Rank,plinder:7em1__1__1.A__1.D:7em1__1__1.D,external_test,0.8750000000,0.1323232323,0.7426767677
P2Rank,plinder:7plr__3__1.C__1.O_1.P_1.Q_1.R:7plr__3__1.O,external_test,0.8875000000,0.3857843137,0.5017156863
P2Rank,plinder:7rbw__2__1.B__1.D:7rbw__2__1.D,external_test,1.0000000000,0.8169381480,0.1830618520
P2Rank,plinder:7rtc__2__1.B__1.E:7rtc__2__1.E,external_test,0.9821428571,0.5057513915,0.4763914657
P2Rank,plinder:7u0r__1__1.B__1.I_1.J_1.K_1.L:7u0r__1__1.J,external_test,0.9115961199,0.3910273857,0.5205687342
P2Rank,plinder:7u8y__1__1.B__1.G_1.H_1.I_1.J:7u8y__1__1.H,external_test,1.0000000000,0.1572822760,0.8427177240
P2Rank,plinder:8e1v__1__1.A__1.C_1.D:8e1v__1__1.C,external_test,0.9060405644,0.3801081211,0.5259324433
P2Rank,plinder:8g9d__1__1.A__1.B:8g9d__1__1.B,external_test,1.0000000000,0.4324087247,0.5675912753
P2Rank,plinder:8og5__1__1.A__1.D:8og5__1__1.D,external_test,0.8541666667,0.1940972222,0.6600694444
P2Rank,plinder:8one__1__1.A__1.F_1.K:8one__1__1.K,external_test,0.9075829263,0.4610383921,0.4465445343
P2Rank,plinder:1jed__1__3.B__3.SA_3.TA:1jed__1__3.TA,external_val,1.0000000000,0.2046545912,0.7953454088
P2Rank,plinder:1jee__1__3.A__3.T_3.TA:1jee__1__3.TA,external_val,1.0000000000,0.2467306200,0.7532693800
P2Rank,plinder:1lvg__1__1.A__1.B_1.D:1lvg__1__1.D,external_val,0.9697979798,0.3672769783,0.6025210015
P2Rank,plinder:1mn0__1__1.B__1.E:1mn0__1__1.E,external_val,0.6666666667,0.3833333333,0.2833333333
P2Rank,plinder:1qw9__1__3.A__3.C:1qw9__1__3.C,external_val,1.0000000000,0.7064814815,0.2935185185
P2Rank,plinder:1u6r__1__1.B__1.E_1.F_1.G_1.H:1u6r__1__1.G,external_val,0.9419191919,0.7222753854,0.2196438065
P2Rank,plinder:1wb9__1__1.A__1.E_1.F:1wb9__1__1.E,external_val,1.0000000000,0.5575850003,0.4424149997
P2Rank,plinder:1xco__2__1.C__1.R:1xco__2__1.R,external_val,1.0000000000,0.0284853353,0.9715146647
P2Rank,plinder:1y2w__1__1.A__1.E:1y2w__1__1.E,external_val,1.0000000000,0.1621732026,0.8378267974
P2Rank,plinder:1y2w__1__2.A__2.E:1y2w__1__2.E,external_val,1.0000000000,0.1621732026,0.8378267974
P2Rank,plinder:1y2x__1__1.A__1.I:1y2x__1__1.I,external_val,1.0000000000,0.4717948718,0.5282051282
P2Rank,plinder:1zdg__1__2.A__2.B_2.D:1zdg__1__2.D,external_val,0.9924242424,0.4543949094,0.5380293330
P2Rank,plinder:2e1t__2__1.B__1.D:2e1t__2__1.D,external_val,0.9877124183,0.1720164082,0.8156960101
P2Rank,plinder:2e5a__1__1.A__1.E:2e5a__1__1.E,external_val,1.0000000000,0.3481470843,0.6518529157
P2Rank,plinder:2fmn__1__2.B__2.F_2.G:2fmn__1__2.F,external_val,0.9844444444,0.6231646544,0.3612797900
P2Rank,plinder:2iyi__1__1.B__1.E:2iyi__1__1.E,external_val,0.9821428571,0.3059328277,0.6762100295
P2Rank,plinder:2plm__1__1.A__1.B_1.C:2plm__1__1.C,external_val,0.8670995671,0.3305343779,0.5365651892
P2Rank,plinder:2qm7__1__1.A__1.E:2qm7__1__1.E,external_val,1.0000000000,0.5097084909,0.4902915091
P2Rank,plinder:2vck__1__1.A__1.E:2vck__1__1.E,external_val,0.8676736227,0.5768654896,0.2908081330
P2Rank,plinder:2x9j__2__1.B__1.D:2x9j__2__1.D,external_val,0.8930816098,0.6061533442,0.2869282656
P2Rank,plinder:2y4l__1__1.A__1.C_1.D_1.E:2y4l__1__1.D,external_val,0.9861111111,0.2967823080,0.6893288031
P2Rank,plinder:2y4l__2__1.B__1.I_1.J:2y4l__2__1.J,external_val,0.9093537415,0.0993430985,0.8100106430
P2Rank,plinder:3afh__1__1.A__1.B:3afh__1__1.B,external_val,1.0000000000,0.7147177332,0.2852822668
P2Rank,plinder:3cj9__1__1.A__1.D:3cj9__1__1.D,external_val,0.9266666667,0.0987606838,0.8279059829
P2Rank,plinder:3cja__1__1.A__1.B_1.C:3cja__1__1.C,external_val,0.9707362082,0.4702030431,0.5005331651
P2Rank,plinder:3dzv__1__3.A__3.E:3dzv__1__3.E,external_val,0.9821428571,0.6140967781,0.3680460790
P2Rank,plinder:3etg__1__1.A__1.I:3etg__1__1.I,external_val,0.9888888889,0.0943075472,0.8945813417
P2Rank,plinder:3i3q__2__1.B__1.E_1.F:3i3q__2__1.E,external_val,0.8909171076,0.6803276970,0.2105894106
P2Rank,plinder:3pju__1__2.A__2.B:3pju__1__2.B,external_val,0.9288991101,0.2391166108,0.6897824993
P2Rank,plinder:3rog__1__1.A__1.B:3rog__1__1.B,external_val,0.8850000000,0.3132034632,0.5717965368
P2Rank,plinder:3rsb__1__1.A__1.E:3rsb__1__1.E,external_val,0.9502840909,0.4138560179,0.5364280730
P2Rank,plinder:3rzp__1__1.A__1.E:3rzp__1__1.E,external_val,0.9484126984,0.3132357804,0.6351769180
P2Rank,plinder:3rzp__1__1.B__1.G:3rzp__1__1.G,external_val,1.0000000000,0.8060846561,0.1939153439
P2Rank,plinder:3rzp__2__1.D__1.I:3rzp__2__1.I,external_val,0.9150793651,0.7019517484,0.2131276166
P2Rank,plinder:3se5__1__1.C__1.L_1.N:3se5__1__1.L,external_val,1.0000000000,0.9108391608,0.0891608392
P2Rank,plinder:3svw__1__1.A__1.K:3svw__1__1.K,external_val,0.9859693878,0.4606850280,0.5252843598
P2Rank,plinder:3svw__1__1.B__1.P:3svw__1__1.P,external_val,0.9838264300,0.2989376185,0.6848888115
P2Rank,plinder:3svw__1__1.B__1.Q:3svw__1__1.Q,external_val,0.9945054945,0.3631894983,0.6313159962
P2Rank,plinder:3ubm__2__1.D__1.H:3ubm__2__1.H,external_val,0.9722550177,0.0683847019,0.9038703158
P2Rank,plinder:3wbb__1__2.A__2.H:3wbb__1__2.H,external_val,0.9285204991,0.2992338331,0.6292866660
P2Rank,plinder:4cj6__1__1.A__1.B:4cj6__1__1.B,external_val,0.9680884832,0.9009167242,0.0671717591
P2Rank,plinder:4d47__2__1.B__1.K_1.L:4d47__2__1.L,external_val,0.9166666667,0.5166666667,0.4000000000
P2Rank,plinder:4f0s__1__1.A__1.B:4f0s__1__1.B,external_val,0.8875000000,0.4160256410,0.4714743590
P2Rank,plinder:4fws__1__2.A__2.F:4fws__1__2.F,external_val,0.9085858586,0.0638603184,0.8447255402
P2Rank,plinder:4g88__2__1.D__1.L:4g88__2__1.L,external_val,1.0000000000,0.1851732119,0.8148267881
P2Rank,plinder:4gol__1__1.A__1.D:4gol__1__1.D,external_val,0.7440476190,0.1675375278,0.5765100912
P2Rank,plinder:4gom__1__1.A__1.D:4gom__1__1.D,external_val,1.0000000000,0.6528229274,0.3471770726
P2Rank,plinder:4hh0__1__1.A__1.C:4hh0__1__1.C,external_val,1.0000000000,0.0451769595,0.9548230405
P2Rank,plinder:4hoh__1__1.A__1.E:4hoh__1__1.E,external_val,1.0000000000,0.6102600763,0.3897399237
P2Rank,plinder:4jk3__1__1.A__1.C_1.E:4jk3__1__1.C,external_val,0.9500000000,0.1334261728,0.8165738272
P2Rank,plinder:4o8a__1__1.A__1.B_1.C:4o8a__1__1.B,external_val,0.9807017544,0.7272496805,0.2534520739
P2Rank,plinder:4owu__1__1.A__1.C_1.D_1.E:4owu__1__1.E,external_val,1.0000000000,0.5125165698,0.4874834302
P2Rank,plinder:4rdy__1__1.A__1.C_1.D_1.E:4rdy__1__1.E,external_val,0.9910714286,0.4639194100,0.5271520185
P2Rank,plinder:4xt7__1__1.A__1.B_1.C_1.D:4xt7__1__1.B,external_val,0.9786119711,0.6275064281,0.3511055430
P2Rank,plinder:5icl__1__1.A__1.C:5icl__1__1.C,external_val,0.9047619048,0.4058365104,0.4989253943
P2Rank,plinder:5k7u__1__1.A__1.C:5k7u__1__1.C,external_val,1.0000000000,0.1485123012,0.8514876988
P2Rank,plinder:5kod__2__1.B__1.G_1.H:5kod__2__1.G,external_val,0.9284090909,0.2335705942,0.6948384967
P2Rank,plinder:5kod__4__1.D__1.M_1.N:5kod__4__1.N,external_val,1.0000000000,0.2486064299,0.7513935701
P2Rank,plinder:5mug__1__24.A__24.B:5mug__1__24.B,external_val,0.9804748823,0.6884716493,0.2920032329
P2Rank,plinder:5s4c__1__1.A__1.C:5s4c__1__1.C,external_val,1.0000000000,0.0158730159,0.9841269841
P2Rank,plinder:5suk__1__1.B__1.H:5suk__1__1.H,external_val,0.9526289683,0.1065267589,0.8461022094
P2Rank,plinder:5sxg__2__1.B__1.G_1.H:5sxg__2__1.H,external_val,0.9305555556,0.6909090909,0.2396464646
P2Rank,plinder:5trd__1__1.A__1.E_1.F:5trd__1__1.E,external_val,0.9945054945,0.3238482010,0.6706572935
P2Rank,plinder:5trd__1__1.B__1.G_1.H:5trd__1__1.G,external_val,0.9866452991,0.2784314971,0.7082138020
P2Rank,plinder:5us6__1__1.C__1.T_1.U:5us6__1__1.U,external_val,1.0000000000,0.7038220551,0.2961779449
P2Rank,plinder:5ux7__1__1.C__1.I:5ux7__1__1.I,external_val,0.9860139860,0.3067111218,0.6793028642
P2Rank,plinder:5v9h__1__1.A__1.D_1.F_1.H_1.I:5v9h__1__1.H,external_val,0.9629370629,0.6526478219,0.3102892410
P2Rank,plinder:5v9h__1__1.A__1.D_1.F_1.H_1.I:5v9h__1__1.I,external_val,0.9617346939,0.3388576643,0.6228770296
P2Rank,plinder:5w1c__1__1.A__1.E_1.F:5w1c__1__1.F,external_val,0.8134920635,0.1475539296,0.6659381339
P2Rank,plinder:5xkd__1__1.B__1.F:5xkd__1__1.F,external_val,0.9909090909,0.2869729607,0.7039361302
P2Rank,plinder:5xkd__1__1.C__1.G:5xkd__1__1.G,external_val,0.9777495232,0.3611596604,0.6165898628
P2Rank,plinder:5xv2__1__2.A__2.B:5xv2__1__2.B,external_val,1.0000000000,0.5836797282,0.4163202718
P2Rank,plinder:5y2u__1__1.A__1.D:5y2u__1__1.D,external_val,1.0000000000,0.6037414966,0.3962585034
P2Rank,plinder:5y2u__1__1.B__1.E_1.F:5y2u__1__1.E,external_val,1.0000000000,0.1766273054,0.8233726946
P2Rank,plinder:5ya1__1__1.A__1.E:5ya1__1__1.E,external_val,0.9761904762,0.0649524856,0.9112379906
P2Rank,plinder:5yft__1__2.A__2.D:5yft__1__2.D,external_val,0.9935897436,0.7734172078,0.2201725358
P2Rank,plinder:5yft__1__2.B__2.J:5yft__1__2.J,external_val,1.0000000000,0.7993676761,0.2006323239
P2Rank,plinder:5yft__1__2.C__2.N:5yft__1__2.N,external_val,1.0000000000,0.7917850181,0.2082149819
P2Rank,plinder:5zyr__1__1.B__1.E:5zyr__1__1.E,external_val,0.9901360544,0.3768612738,0.6132747806
P2Rank,plinder:6b5e__1__1.B__1.Q:6b5e__1__1.Q,external_val,1.0000000000,0.0605217018,0.9394782982
P2Rank,plinder:6b5k__1__2.B__2.K:6b5k__1__2.K,external_val,1.0000000000,0.0852259492,0.9147740508
P2Rank,plinder:6czm__1__1.B__1.I:6czm__1__1.I,external_val,0.9617346939,0.0389553879,0.9227793060
P2Rank,plinder:6ie2__2__1.B__1.K_1.L:6ie2__2__1.L,external_val,0.8595238095,0.6269841270,0.2325396825
P2Rank,plinder:6ioh__1__1.B__1.D:6ioh__1__1.D,external_val,0.8357142857,0.6327380952,0.2029761905
P2Rank,plinder:6p7e__1__1.A__1.T:6p7e__1__1.T,external_val,1.0000000000,0.1966211826,0.8033788174
P2Rank,plinder:6p7e__2__1.B__1.Y:6p7e__2__1.Y,external_val,1.0000000000,0.1389843490,0.8610156510
P2Rank,plinder:7ce9__1__1.A__1.Q_1.R:7ce9__1__1.R,external_val,0.9459876543,0.5198790206,0.4261086337
P2Rank,plinder:7f4p__1__1.B__1.C:7f4p__1__1.C,external_val,1.0000000000,0.2127942294,0.7872057706
P2Rank,plinder:7k1l__1__1.A__1.C_1.D:7k1l__1__1.C,external_val,1.0000000000,0.1906003507,0.8093996493
P2Rank,plinder:7npa__1__1.B__1.SA:7npa__1__1.SA,external_val,0.9775934401,0.5287006296,0.4488928105
P2Rank,plinder:7nsn__1__1.A__1.C_1.G:7nsn__1__1.G,external_val,0.8303571429,0.2416208791,0.5887362637
P2Rank,plinder:7u5f__1__1.A__1.E:7u5f__1__1.E,external_val,0.9797979798,0.3279770375,0.6518209423
P2Rank,plinder:8cp9__1__1.A__1.C_1.D:8cp9__1__1.C,external_val,0.9500171837,0.4821992509,0.4678179327
P2Rank,plinder:8cpb__1__1.B__1.H:8cpb__1__1.H,external_val,0.9436868687,0.3733169587,0.5703699100
P2Rank,plinder:8dko__1__1.A__1.C_1.D:8dko__1__1.C,external_val,0.9726645768,0.6723303442,0.3003342326
P2Rank,plinder:8dko__1__1.A__1.C_1.D:8dko__1__1.D,external_val,0.9761904762,0.4388740345,0.5373164417
P2Rank,plinder:8dkq__1__1.A__1.C_1.D:8dkq__1__1.C,external_val,0.9762339999,0.7082910385,0.2679429614
P2Rank,plinder:8i2r__1__1.A__1.D:8i2r__1__1.D,external_val,0.7100000000,0.5136507937,0.1963492063
P2Rank,plinder:8iii__1__1.A__1.C:8iii__1__1.C,external_val,1.0000000000,0.3350000000,0.6650000000
P2Rank,plinder:8j1c__1__1.A__1.E:8j1c__1__1.E,external_val,0.9587703963,0.3535140582,0.6052563381
ProLIF,plinder:1afb__1__1.A__1.D_1.F:1afb__1__1.D,external_test,0.8541666667,0.5731601732,0.2810064935
ProLIF,plinder:1gzf__3__1.C__1.I_1.J:1gzf__3__1.J,external_test,0.9593750000,0.8798076923,0.0795673077
ProLIF,plinder:1l4y__1__1.A__1.B_1.H:1l4y__1__1.H,external_test,0.9888888889,0.8949494949,0.0939393939
ProLIF,plinder:1lhv__1__2.A__2.D:1lhv__1__2.D,external_test,1.0000000000,0.3329892651,0.6670107349
ProLIF,plinder:1ofd__1__1.A__1.C_1.E:1ofd__1__1.C,external_test,0.9705128205,0.6627263581,0.3077864624
ProLIF,plinder:1ofd__1__1.A__1.C_1.E:1ofd__1__1.E,external_test,1.0000000000,0.8895595797,0.1104404203
ProLIF,plinder:1oik__1__2.A__2.C_2.D_2.E:1oik__1__2.D,external_test,1.0000000000,0.5083333333,0.4916666667
ProLIF,plinder:1omz__2__1.A__1.C_1.D:1omz__2__1.D,external_test,0.9583579882,0.4871769535,0.4711810347
ProLIF,plinder:1uj5__2__2.A__2.B:1uj5__2__2.B,external_test,0.9833333333,0.5788888889,0.4044444444
ProLIF,plinder:1w2c__2__1.B__1.H_1.I_1.J:1w2c__2__1.H,external_test,0.9761904762,0.5413654618,0.4348250143
ProLIF,plinder:1w2c__2__1.B__1.H_1.I_1.J:1w2c__2__1.I,external_test,1.0000000000,0.8611589214,0.1388410786
ProLIF,plinder:1wk9__1__1.A__1.B:1wk9__1__1.B,external_test,0.9821428571,0.8437277009,0.1384151563
ProLIF,plinder:1xpg__2__1.B__1.K:1xpg__2__1.K,external_test,1.0000000000,0.3198645148,0.6801354852
ProLIF,plinder:1xr2__1__1.A__1.D:1xr2__1__1.D,external_test,1.0000000000,0.9464285714,0.0535714286
ProLIF,plinder:2dwp__1__1.A__1.B_1.D_1.E:2dwp__1__1.E,external_test,0.9924242424,0.6598531188,0.3325711236
ProLIF,plinder:2fqw__1__1.A__1.B:2fqw__1__1.B,external_test,0.9821428571,1.0000000000,-0.0178571429
ProLIF,plinder:2i7d__1__1.A__1.C_1.D_1.E:2i7d__1__1.E,external_test,0.8734126984,0.3488773748,0.5245353236
ProLIF,plinder:2pnc__1__1.B__1.O:2pnc__1__1.O,external_test,0.6684782609,0.5032154341,0.1652628268
ProLIF,plinder:2uag__1__1.A__1.B_1.D:2uag__1__1.D,external_test,0.9576330532,0.2710280374,0.6866050158
ProLIF,plinder:2vkd__1__1.A__1.D_1.E:2vkd__1__1.E,external_test,0.9456922163,0.5036653972,0.4420268190
ProLIF,plinder:2vkh__1__1.A__1.D_1.E:2vkh__1__1.E,external_test,0.9705128205,0.5740912527,0.3964215679
ProLIF,plinder:2yqh__1__1.A__1.C:2yqh__1__1.C,external_test,1.0000000000,0.7021186441,0.2978813559
ProLIF,plinder:2yqs__1__1.A__1.B_1.D:2yqs__1__1.D,external_test,0.9945054945,0.6917194093,0.3027860852
ProLIF,plinder:2yr6__1__1.A__1.D_1.E_1.F:2yr6__1__1.E,external_test,0.9761904762,0.4627192982,0.5134711779
ProLIF,plinder:3ayj__1__1.B__1.H_1.I_1.J:3ayj__1__1.H,external_test,0.9145301849,0.3457224503,0.5688077346
ProLIF,plinder:3bkq__1__1.A__1.B:3bkq__1__1.B,external_test,0.9861111111,0.2359409190,0.7501701921
ProLIF,plinder:3hxu__1__1.A__1.B:3hxu__1__1.B,external_test,0.9705128205,0.6101576994,0.3603551211
ProLIF,plinder:3it3__1__1.B__1.D:3it3__1__1.D,external_test,1.0000000000,0.8918739635,0.1081260365
ProLIF,plinder:3jsa__1__2.A__2.B:3jsa__1__2.B,external_test,0.9478458050,0.2538681088,0.6939776962
ProLIF,plinder:3ohb__1__1.A__1.D_1.E_1.F:3ohb__1__1.D,external_test,0.9797979798,0.5891585761,0.3906394037
ProLIF,plinder:3ova__1__2.A__2.C_2.E:3ova__1__2.C,external_test,0.8701388889,0.4534053156,0.4167335733
ProLIF,plinder:3pde__1__1.B__1.J_1.K_1.L_1.M:3pde__1__1.J,external_test,1.0000000000,1.0000000000,0.0000000000
ProLIF,plinder:3qcp__1__1.A__1.B:3qcp__1__1.B,external_test,0.9351256649,0.4173233271,0.5178023379
ProLIF,plinder:3t44__1__1.A__1.B_1.C:3t44__1__1.C,external_test,1.0000000000,0.4231660232,0.5768339768
ProLIF,plinder:3uel__1__1.A__1.D:3uel__1__1.D,external_test,1.0000000000,0.6551208229,0.3448791771
ProLIF,plinder:3vw2__1__1.A__1.E:3vw2__1__1.E,external_test,1.0000000000,0.5609903382,0.4390096618
ProLIF,plinder:3wqy__1__1.A__1.D:3wqy__1__1.D,external_test,0.9909090909,0.7247099448,0.2661991462
ProLIF,plinder:4aha__1__1.A__1.K:4aha__1__1.K,external_test,0.9666666667,0.4095541401,0.5571125265
ProLIF,plinder:4c49__3__1.C__1.G:4c49__3__1.G,external_test,0.9379251701,0.4130263676,0.5248988025
ProLIF,plinder:4cyi__2__1.C__1.M_1.N:4cyi__2__1.M,external_test,0.9526289683,0.1430412371,0.8095877311
ProLIF,plinder:4cyj__1__1.A__1.G_1.H:4cyj__1__1.G,external_test,0.9861111111,0.8139893261,0.1721217850
ProLIF,plinder:4edh__1__1.A__1.C_1.D_1.E:4edh__1__1.C,external_test,1.0000000000,0.5062140241,0.4937859759
ProLIF,plinder:4edh__1__1.A__1.C_1.D_1.E:4edh__1__1.D,external_test,0.9888888889,0.8936965812,0.0951923077
ProLIF,plinder:4gmd__2__1.D__1.O:4gmd__2__1.O,external_test,1.0000000000,0.5164540816,0.4835459184
ProLIF,plinder:4gyz__3__1.C__1.O_1.P:4gyz__3__1.O,external_test,0.9617346939,0.3058755760,0.6558591178
ProLIF,plinder:4i4v__2__1.D__1.L:4i4v__2__1.L,external_test,1.0000000000,0.6666666667,0.3333333333
ProLIF,plinder:4js1__1__1.A__1.C_1.D:4js1__1__1.C,external_test,1.0000000000,0.3359645745,0.6640354255
ProLIF,plinder:4jvo__1__1.A__1.C:4jvo__1__1.C,external_test,1.0000000000,0.6059523810,0.3940476190
ProLIF,plinder:4qnu__6__1.F__1.T:4qnu__6__1.T,external_test,0.9805194805,0.6010234629,0.3794960176
ProLIF,plinder:4rus__2__1.C__1.V:4rus__2__1.V,external_test,1.0000000000,0.1377118644,0.8622881356
ProLIF,plinder:4tsq__3__1.C__1.U:4tsq__3__1.U,external_test,1.0000000000,0.5112994350,0.4887005650
ProLIF,plinder:4x3m__1__1.A__1.C:4x3m__1__1.C,external_test,0.9500000000,0.7023809524,0.2476190476
ProLIF,plinder:4x8d__2__1.B__1.T_1.U_1.V:4x8d__2__1.T,external_test,1.0000000000,0.9484126984,0.0515873016
ProLIF,plinder:4xp9__1__1.A__1.H:4xp9__1__1.H,external_test,1.0000000000,0.0889199255,0.9110800745
ProLIF,plinder:4xqc__1__1.B__1.J:4xqc__1__1.J,external_test,0.9513755475,0.6824545046,0.2689210430
ProLIF,plinder:4yco__3__1.C__1.J:4yco__3__1.J,external_test,0.8804935805,0.7195718938,0.1609216867
ProLIF,plinder:4yzl__1__1.A__1.B_1.C:4yzl__1__1.C,external_test,0.9379251701,0.7527700831,0.1851550870
ProLIF,plinder:4zr5__2__1.A__1.G_1.H:4zr5__2__1.H,external_test,0.9502840909,0.4328304598,0.5174536311
ProLIF,plinder:5adv__2__1.C__1.L_1.M_1.N:5adv__2__1.N,external_test,1.0000000000,0.7212543554,0.2787456446
ProLIF,plinder:5df1__2__1.B__1.G_1.H:5df1__2__1.G,external_test,0.9930555556,0.8086532931,0.1844022625
ProLIF,plinder:5eq9__1__1.A__1.E:5eq9__1__1.E,external_test,0.9500000000,0.3372703412,0.6127296588
ProLIF,plinder:5f2n__1__1.B__1.E_1.F:5f2n__1__1.E,external_test,1.0000000000,0.3626574736,0.6373425264
ProLIF,plinder:5h41__1__1.A__1.C_1.E_1.F:5h41__1__1.E,external_test,0.8100000000,0.3617969452,0.4482030548
ProLIF,plinder:5jqw__1__1.A__1.B:5jqw__1__1.B,external_test,0.9254656959,0.3830808081,0.5423848878
ProLIF,plinder:5ost__1__1.A__1.P:5ost__1__1.P,external_test,0.9040178571,0.5794103862,0.3246074709
ProLIF,plinder:5slg__1__1.A__1.G:5slg__1__1.G,external_test,0.9666666667,0.5543572985,0.4123093682
ProLIF,plinder:5t64__1__1.B__1.M:5t64__1__1.M,external_test,1.0000000000,0.4100755668,0.5899244332
ProLIF,plinder:6a8p__3__1.C__1.F:6a8p__3__1.F,external_test,0.9093537415,0.9821428571,-0.0727891156
ProLIF,plinder:6apl__1__1.A__1.G:6apl__1__1.G,external_test,1.0000000000,0.3607612457,0.6392387543
ProLIF,plinder:6cip__2__1.D__1.CA_1.DA:6cip__2__1.CA,external_test,0.9125755835,0.4751546392,0.4374209443
ProLIF,plinder:6e08__1__1.A__1.B:6e08__1__1.B,external_test,1.0000000000,0.9142857143,0.0857142857
ProLIF,plinder:6el3__3__1.A__1.G:6el3__3__1.G,external_test,0.9952380952,0.3901389616,0.6050991337
ProLIF,plinder:6f83__1__1.A__1.C:6f83__1__1.C,external_test,1.0000000000,1.0000000000,0.0000000000
ProLIF,plinder:6fl8__1__1.A__1.C_1.D_1.E_1.G:6fl8__1__1.C,external_test,1.0000000000,0.6967754468,0.3032245532
ProLIF,plinder:6fl8__2__1.B__1.J_1.K_1.L:6fl8__2__1.J,external_test,0.9086435786,0.4846153846,0.4240281940
ProLIF,plinder:6i1g__2__1.B__1.D:6i1g__2__1.D,external_test,0.9063455988,0.7087976540,0.1975479449
ProLIF,plinder:6imj__1__1.A__1.E_1.G_1.H:6imj__1__1.E,external_test,0.9909090909,0.3414449918,0.6494640991
ProLIF,plinder:6kal__1__1.A__1.G_1.H:6kal__1__1.G,external_test,0.9761904762,0.4489591171,0.5272313591
ProLIF,plinder:6lfr__1__1.A__1.B:6lfr__1__1.B,external_test,0.9333765771,0.6966635774,0.2367129997
ProLIF,plinder:6lft__1__1.A__1.B_1.C:6lft__1__1.C,external_test,0.9453444703,0.5240963855,0.4212480848
ProLIF,plinder:6ms8__1__1.A__1.I:6ms8__1__1.I,external_test,1.0000000000,0.8437500000,0.1562500000
ProLIF,plinder:6tlk__2__1.D__1.R:6tlk__2__1.R,external_test,1.0000000000,0.7415674603,0.2584325397
ProLIF,plinder:6x5t__2__1.D__1.Q:6x5t__2__1.Q,external_test,0.9304064919,0.5352118617,0.3951946302
ProLIF,plinder:6x5u__4__2.F__2.X:6x5u__4__2.X,external_test,0.9009952466,0.4695232970,0.4314719496
ProLIF,plinder:6y88__6__1.F__1.U:6y88__6__1.U,external_test,0.9910714286,0.7293800539,0.2616913747
ProLIF,plinder:6yab__2__1.B__1.I:6yab__2__1.I,external_test,0.9750000000,0.6572061803,0.3177938197
ProLIF,plinder:6ykb__1__1.A__1.C:6ykb__1__1.C,external_test,1.0000000000,0.4981706466,0.5018293534
ProLIF,plinder:6zxb__1__1.B__1.L_1.N_1.O:6zxb__1__1.L,external_test,0.9202741703,0.6971153846,0.2231587857
ProLIF,plinder:7ac8__3__1.E__1.K:7ac8__3__1.K,external_test,1.0000000000,0.8631578947,0.1368421053
ProLIF,plinder:7cta__1__2.B__2.E_2.F:7cta__1__2.E,external_test,0.9649678604,0.5963233250,0.3686445354
ProLIF,plinder:7em1__1__1.A__1.D:7em1__1__1.D,external_test,0.8750000000,0.6906645570,0.1843354430
ProLIF,plinder:7plr__3__1.C__1.O_1.P_1.Q_1.R:7plr__3__1.O,external_test,0.8875000000,0.6929347826,0.1945652174
ProLIF,plinder:7rbw__2__1.B__1.D:7rbw__2__1.D,external_test,1.0000000000,0.7155048530,0.2844951470
ProLIF,plinder:7rtc__2__1.B__1.E:7rtc__2__1.E,external_test,0.9821428571,0.6152259695,0.3669168876
ProLIF,plinder:7u0r__1__1.B__1.I_1.J_1.K_1.L:7u0r__1__1.J,external_test,0.9115961199,0.6496802558,0.2619158641
ProLIF,plinder:7u8y__1__1.B__1.G_1.H_1.I_1.J:7u8y__1__1.H,external_test,1.0000000000,0.7232947233,0.2767052767
ProLIF,plinder:8e1v__1__1.A__1.C_1.D:8e1v__1__1.C,external_test,0.9060405644,0.6845117845,0.2215287799
ProLIF,plinder:8g9d__1__1.A__1.B:8g9d__1__1.B,external_test,1.0000000000,0.8329966330,0.1670033670
ProLIF,plinder:8og5__1__1.A__1.D:8og5__1__1.D,external_test,0.8541666667,0.1734006734,0.6807659933
ProLIF,plinder:8one__1__1.A__1.F_1.K:8one__1__1.K,external_test,0.9075829263,0.6945402299,0.2130426964
ProLIF,plinder:1jed__1__3.B__3.SA_3.TA:1jed__1__3.TA,external_val,1.0000000000,0.7871459695,0.2128540305
ProLIF,plinder:1jee__1__3.A__3.T_3.TA:1jee__1__3.TA,external_val,1.0000000000,0.7924369748,0.2075630252
ProLIF,plinder:1lvg__1__1.A__1.B_1.D:1lvg__1__1.D,external_val,0.9697979798,0.7144939271,0.2553040527
ProLIF,plinder:1mn0__1__1.B__1.E:1mn0__1__1.E,external_val,0.6666666667,0.5028901734,0.1637764933
ProLIF,plinder:1qw9__1__3.A__3.C:1qw9__1__3.C,external_val,1.0000000000,0.5615358820,0.4384641180
ProLIF,plinder:1u6r__1__1.B__1.E_1.F_1.G_1.H:1u6r__1__1.G,external_val,0.9419191919,0.7680097680,0.1739094239
ProLIF,plinder:1wb9__1__1.A__1.E_1.F:1wb9__1__1.E,external_val,1.0000000000,0.8901579244,0.1098420756
ProLIF,plinder:1xco__2__1.C__1.R:1xco__2__1.R,external_val,1.0000000000,0.6697626419,0.3302373581
ProLIF,plinder:1y2w__1__1.A__1.E:1y2w__1__1.E,external_val,1.0000000000,0.4320422535,0.5679577465
ProLIF,plinder:1y2w__1__2.A__2.E:1y2w__1__2.E,external_val,1.0000000000,0.4320422535,0.5679577465
ProLIF,plinder:1y2x__1__1.A__1.I:1y2x__1__1.I,external_val,1.0000000000,0.5737089202,0.4262910798
ProLIF,plinder:1zdg__1__2.A__2.B_2.D:1zdg__1__2.D,external_val,0.9924242424,0.8082049733,0.1842192691
ProLIF,plinder:2e1t__2__1.B__1.D:2e1t__2__1.D,external_val,0.9877124183,0.4822077922,0.5055046261
ProLIF,plinder:2e5a__1__1.A__1.E:2e5a__1__1.E,external_val,1.0000000000,0.6071428571,0.3928571429
ProLIF,plinder:2fmn__1__2.B__2.F_2.G:2fmn__1__2.F,external_val,0.9844444444,0.8017161159,0.1827283286
ProLIF,plinder:2iyi__1__1.B__1.E:2iyi__1__1.E,external_val,0.9821428571,0.4939761496,0.4881667075
ProLIF,plinder:2plm__1__1.A__1.B_1.C:2plm__1__1.C,external_val,0.8670995671,0.2645685997,0.6025309674
ProLIF,plinder:2qm7__1__1.A__1.E:2qm7__1__1.E,external_val,1.0000000000,0.6377388535,0.3622611465
ProLIF,plinder:2vck__1__1.A__1.E:2vck__1__1.E,external_val,0.8676736227,0.3034732045,0.5642004182
ProLIF,plinder:2x9j__2__1.B__1.D:2x9j__2__1.D,external_val,0.8930816098,0.3755940693,0.5174875405
ProLIF,plinder:2y4l__1__1.A__1.C_1.D_1.E:2y4l__1__1.D,external_val,0.9861111111,0.2783492823,0.7077618288
ProLIF,plinder:2y4l__2__1.B__1.I_1.J:2y4l__2__1.J,external_val,0.9093537415,0.4100669445,0.4992867969
ProLIF,plinder:3afh__1__1.A__1.B:3afh__1__1.B,external_val,1.0000000000,0.8521598272,0.1478401728
ProLIF,plinder:3cj9__1__1.A__1.D:3cj9__1__1.D,external_val,0.9266666667,0.6823866348,0.2442800318
ProLIF,plinder:3cja__1__1.A__1.B_1.C:3cja__1__1.C,external_val,0.9707362082,0.6245841470,0.3461520613
ProLIF,plinder:3dzv__1__3.A__3.E:3dzv__1__3.E,external_val,0.9821428571,0.4440753045,0.5380675526
ProLIF,plinder:3etg__1__1.A__1.I:3etg__1__1.I,external_val,0.9888888889,0.5635395875,0.4253493014
ProLIF,plinder:3i3q__2__1.B__1.E_1.F:3i3q__2__1.E,external_val,0.8909171076,0.5530620933,0.3378550143
ProLIF,plinder:3pju__1__2.A__2.B:3pju__1__2.B,external_val,0.9288991101,0.7104130809,0.2184860293
ProLIF,plinder:3rog__1__1.A__1.B:3rog__1__1.B,external_val,0.8850000000,0.3688105727,0.5161894273
ProLIF,plinder:3rsb__1__1.A__1.E:3rsb__1__1.E,external_val,0.9502840909,0.1659356725,0.7843484184
ProLIF,plinder:3rzp__1__1.A__1.E:3rzp__1__1.E,external_val,0.9484126984,0.3786666667,0.5697460317
ProLIF,plinder:3rzp__1__1.B__1.G:3rzp__1__1.G,external_val,1.0000000000,0.4689538808,0.5310461192
ProLIF,plinder:3rzp__2__1.D__1.I:3rzp__2__1.I,external_val,0.9150793651,0.1826029216,0.7324764434
ProLIF,plinder:3se5__1__1.C__1.L_1.N:3se5__1__1.L,external_val,1.0000000000,0.7947214076,0.2052785924
ProLIF,plinder:3svw__1__1.A__1.K:3svw__1__1.K,external_val,0.9859693878,0.3752609832,0.6107084046
ProLIF,plinder:3svw__1__1.B__1.P:3svw__1__1.P,external_val,0.9838264300,0.4246178704,0.5592085596
ProLIF,plinder:3svw__1__1.B__1.Q:3svw__1__1.Q,external_val,0.9945054945,0.4038280968,0.5906773977
ProLIF,plinder:3ubm__2__1.D__1.H:3ubm__2__1.H,external_val,0.9722550177,0.4404318022,0.5318232155
ProLIF,plinder:3wbb__1__2.A__2.H:3wbb__1__2.H,external_val,0.9285204991,0.5525252525,0.3759952466
ProLIF,plinder:4cj6__1__1.A__1.B:4cj6__1__1.B,external_val,0.9680884832,0.2730000000,0.6950884832
ProLIF,plinder:4d47__2__1.B__1.K_1.L:4d47__2__1.L,external_val,0.9166666667,0.3357664234,0.5809002433
ProLIF,plinder:4f0s__1__1.A__1.B:4f0s__1__1.B,external_val,0.8875000000,0.0571599045,0.8303400955
ProLIF,plinder:4fws__1__2.A__2.F:4fws__1__2.F,external_val,0.9085858586,0.3593586335,0.5492272251
ProLIF,plinder:4g88__2__1.D__1.L:4g88__2__1.L,external_val,1.0000000000,0.7067363531,0.2932636469
ProLIF,plinder:4gol__1__1.A__1.D:4gol__1__1.D,external_val,0.7440476190,0.1664609053,0.5775867137
ProLIF,plinder:4gom__1__1.A__1.D:4gom__1__1.D,external_val,1.0000000000,0.4289609053,0.5710390947
ProLIF,plinder:4hh0__1__1.A__1.C:4hh0__1__1.C,external_val,1.0000000000,0.5614719321,0.4385280679
ProLIF,plinder:4hoh__1__1.A__1.E:4hoh__1__1.E,external_val,1.0000000000,0.7142284799,0.2857715201
ProLIF,plinder:4jk3__1__1.A__1.C_1.E:4jk3__1__1.C,external_val,0.9500000000,0.0602981030,0.8897018970
ProLIF,plinder:4o8a__1__1.A__1.B_1.C:4o8a__1__1.B,external_val,0.9807017544,0.6995888932,0.2811128612
ProLIF,plinder:4owu__1__1.A__1.C_1.D_1.E:4owu__1__1.E,external_val,1.0000000000,0.8298049213,0.1701950787
ProLIF,plinder:4rdy__1__1.A__1.C_1.D_1.E:4rdy__1__1.E,external_val,0.9910714286,0.0654761905,0.9255952381
ProLIF,plinder:4xt7__1__1.A__1.B_1.C_1.D:4xt7__1__1.B,external_val,0.9786119711,0.6440890791,0.3345228920
ProLIF,plinder:5icl__1__1.A__1.C:5icl__1__1.C,external_val,0.9047619048,0.3136093074,0.5911525974
ProLIF,plinder:5k7u__1__1.A__1.C:5k7u__1__1.C,external_val,1.0000000000,0.9636363636,0.0363636364
ProLIF,plinder:5kod__2__1.B__1.G_1.H:5kod__2__1.G,external_val,0.9284090909,0.7403815643,0.1880275266
ProLIF,plinder:5kod__4__1.D__1.M_1.N:5kod__4__1.N,external_val,1.0000000000,1.0000000000,0.0000000000
ProLIF,plinder:5mug__1__24.A__24.B:5mug__1__24.B,external_val,0.9804748823,0.3841991342,0.5962757481
ProLIF,plinder:5s4c__1__1.A__1.C:5s4c__1__1.C,external_val,1.0000000000,0.5000000000,0.5000000000
ProLIF,plinder:5suk__1__1.B__1.H:5suk__1__1.H,external_val,0.9526289683,0.4812794349,0.4713495334
ProLIF,plinder:5sxg__2__1.B__1.G_1.H:5sxg__2__1.H,external_val,0.9305555556,0.4757751938,0.4547803618
ProLIF,plinder:5trd__1__1.A__1.E_1.F:5trd__1__1.E,external_val,0.9945054945,0.8197833077,0.1747221868
ProLIF,plinder:5trd__1__1.B__1.G_1.H:5trd__1__1.G,external_val,0.9866452991,0.7288575120,0.2577877871
ProLIF,plinder:5us6__1__1.C__1.T_1.U:5us6__1__1.U,external_val,1.0000000000,0.6741854637,0.3258145363
ProLIF,plinder:5ux7__1__1.C__1.I:5ux7__1__1.I,external_val,0.9860139860,0.6085423197,0.3774716663
ProLIF,plinder:5v9h__1__1.A__1.D_1.F_1.H_1.I:5v9h__1__1.H,external_val,0.9629370629,0.7215766503,0.2413604126
ProLIF,plinder:5v9h__1__1.A__1.D_1.F_1.H_1.I:5v9h__1__1.I,external_val,0.9617346939,0.7175590367,0.2441756572
ProLIF,plinder:5w1c__1__1.A__1.E_1.F:5w1c__1__1.F,external_val,0.8134920635,0.7101749540,0.1033171095
ProLIF,plinder:5xkd__1__1.B__1.F:5xkd__1__1.F,external_val,0.9909090909,0.3279026217,0.6630064692
ProLIF,plinder:5xkd__1__1.C__1.G:5xkd__1__1.G,external_val,0.9777495232,0.4127511066,0.5649984166
ProLIF,plinder:5xv2__1__2.A__2.B:5xv2__1__2.B,external_val,1.0000000000,0.6780364979,0.3219635021
ProLIF,plinder:5y2u__1__1.A__1.D:5y2u__1__1.D,external_val,1.0000000000,0.7227245329,0.2772754671
ProLIF,plinder:5y2u__1__1.B__1.E_1.F:5y2u__1__1.E,external_val,1.0000000000,0.4128205128,0.5871794872
ProLIF,plinder:5ya1__1__1.A__1.E:5ya1__1__1.E,external_val,0.9761904762,0.3812761506,0.5949143256
ProLIF,plinder:5yft__1__2.A__2.D:5yft__1__2.D,external_val,0.9935897436,0.7947722567,0.1988174869
ProLIF,plinder:5yft__1__2.B__2.J:5yft__1__2.J,external_val,1.0000000000,0.8847623948,0.1152376052
ProLIF,plinder:5yft__1__2.C__2.N:5yft__1__2.N,external_val,1.0000000000,0.7423222912,0.2576777088
ProLIF,plinder:5zyr__1__1.B__1.E:5zyr__1__1.E,external_val,0.9901360544,0.6757379875,0.3143980669
ProLIF,plinder:6b5e__1__1.B__1.Q:6b5e__1__1.Q,external_val,1.0000000000,0.8333333333,0.1666666667
ProLIF,plinder:6b5k__1__2.B__2.K:6b5k__1__2.K,external_val,1.0000000000,0.8492063492,0.1507936508
ProLIF,plinder:6czm__1__1.B__1.I:6czm__1__1.I,external_val,0.9617346939,0.3844578874,0.5772768065
ProLIF,plinder:6ie2__2__1.B__1.K_1.L:6ie2__2__1.L,external_val,0.8595238095,0.4411125854,0.4184112241
ProLIF,plinder:6ioh__1__1.B__1.D:6ioh__1__1.D,external_val,0.8357142857,0.7249544627,0.1107598231
ProLIF,plinder:6p7e__1__1.A__1.T:6p7e__1__1.T,external_val,1.0000000000,0.6681075889,0.3318924111
ProLIF,plinder:6p7e__2__1.B__1.Y:6p7e__2__1.Y,external_val,1.0000000000,0.5028694405,0.4971305595
ProLIF,plinder:7ce9__1__1.A__1.Q_1.R:7ce9__1__1.R,external_val,0.9459876543,0.5744305723,0.3715570820
ProLIF,plinder:7f4p__1__1.B__1.C:7f4p__1__1.C,external_val,1.0000000000,0.7375693737,0.2624306263
ProLIF,plinder:7k1l__1__1.A__1.C_1.D:7k1l__1__1.C,external_val,1.0000000000,0.5362151777,0.4637848223
ProLIF,plinder:7npa__1__1.B__1.SA:7npa__1__1.SA,external_val,0.9775934401,0.5883997982,0.3891936419
ProLIF,plinder:7nsn__1__1.A__1.C_1.G:7nsn__1__1.G,external_val,0.8303571429,0.2923960613,0.5379610816
ProLIF,plinder:7u5f__1__1.A__1.E:7u5f__1__1.E,external_val,0.9797979798,0.4226358338,0.5571621460
ProLIF,plinder:8cp9__1__1.A__1.C_1.D:8cp9__1__1.C,external_val,0.9500171837,0.5091495608,0.4408676229
ProLIF,plinder:8cpb__1__1.B__1.H:8cpb__1__1.H,external_val,0.9436868687,0.7694137508,0.1742731179
ProLIF,plinder:8dko__1__1.A__1.C_1.D:8dko__1__1.C,external_val,0.9726645768,0.7131439394,0.2595206374
ProLIF,plinder:8dko__1__1.A__1.C_1.D:8dko__1__1.D,external_val,0.9761904762,0.6718750000,0.3043154762
ProLIF,plinder:8dkq__1__1.A__1.C_1.D:8dkq__1__1.C,external_val,0.9762339999,0.7022052267,0.2740287732
ProLIF,plinder:8i2r__1__1.A__1.D:8i2r__1__1.D,external_val,0.7100000000,0.8333333333,-0.1233333333
ProLIF,plinder:8iii__1__1.A__1.C:8iii__1__1.C,external_val,1.0000000000,0.8866666667,0.1133333333
ProLIF,plinder:8j1c__1__1.A__1.E:8j1c__1__1.E,external_val,0.9587703963,0.5473168498,0.4114535465
SwinSite,plinder:1afb__1__1.A__1.D_1.F:1afb__1__1.D,external_test,0.8541666667,0.1288819876,0.7252846791
SwinSite,plinder:1gzf__3__1.C__1.I_1.J:1gzf__3__1.J,external_test,0.9593750000,0.1951219512,0.7642530488
SwinSite,plinder:1l4y__1__1.A__1.B_1.H:1l4y__1__1.H,external_test,0.9888888889,0.1324675325,0.8564213564
SwinSite,plinder:1lhv__1__2.A__2.D:1lhv__1__2.D,external_test,1.0000000000,0.0888888889,0.9111111111
SwinSite,plinder:1ofd__1__1.A__1.C_1.E:1ofd__1__1.C,external_test,0.9705128205,0.1846153846,0.7858974359
SwinSite,plinder:1ofd__1__1.A__1.C_1.E:1ofd__1__1.E,external_test,1.0000000000,0.1384615385,0.8615384615
SwinSite,plinder:1oik__1__2.A__2.C_2.D_2.E:1oik__1__2.D,external_test,1.0000000000,0.1388888889,0.8611111111
SwinSite,plinder:1omz__2__1.A__1.C_1.D:1omz__2__1.D,external_test,0.9583579882,0.3939393939,0.5644185942
SwinSite,plinder:1uj5__2__2.A__2.B:1uj5__2__2.B,external_test,0.9833333333,0.3428679245,0.6404654088
SwinSite,plinder:1w2c__2__1.B__1.H_1.I_1.J:1w2c__2__1.H,external_test,0.9761904762,0.2068965517,0.7692939245
SwinSite,plinder:1w2c__2__1.B__1.H_1.I_1.J:1w2c__2__1.I,external_test,1.0000000000,0.0281124498,0.9718875502
SwinSite,plinder:1wk9__1__1.A__1.B:1wk9__1__1.B,external_test,0.9821428571,0.2258064516,0.7563364055
SwinSite,plinder:1xpg__2__1.B__1.K:1xpg__2__1.K,external_test,1.0000000000,0.0224745523,0.9775254477
SwinSite,plinder:1xr2__1__1.A__1.D:1xr2__1__1.D,external_test,1.0000000000,0.0442771281,0.9557228719
SwinSite,plinder:2dwp__1__1.A__1.B_1.D_1.E:2dwp__1__1.E,external_test,0.9924242424,0.1410256410,0.8513986014
SwinSite,plinder:2fqw__1__1.A__1.B:2fqw__1__1.B,external_test,0.9821428571,0.1521739130,0.8299689441
SwinSite,plinder:2i7d__1__1.A__1.C_1.D_1.E:2i7d__1__1.E,external_test,0.8734126984,0.1363636364,0.7370490620
SwinSite,plinder:2pnc__1__1.B__1.O:2pnc__1__1.O,external_test,0.6684782609,0.0416666667,0.6268115942
SwinSite,plinder:2uag__1__1.A__1.B_1.D:2uag__1__1.D,external_test,0.9576330532,0.1504170458,0.8072160074
SwinSite,plinder:2vkd__1__1.A__1.D_1.E:2vkd__1__1.E,external_test,0.9456922163,0.2142857143,0.7314065020
SwinSite,plinder:2vkh__1__1.A__1.D_1.E:2vkh__1__1.E,external_test,0.9705128205,0.2181818182,0.7523310023
SwinSite,plinder:2yqh__1__1.A__1.C:2yqh__1__1.C,external_test,1.0000000000,0.1346153846,0.8653846154
SwinSite,plinder:2yqs__1__1.A__1.B_1.D:2yqs__1__1.D,external_test,0.9945054945,0.2203389831,0.7741665115
SwinSite,plinder:2yr6__1__1.A__1.D_1.E_1.F:2yr6__1__1.E,external_test,0.9761904762,0.0588235294,0.9173669468
SwinSite,plinder:3ayj__1__1.B__1.H_1.I_1.J:3ayj__1__1.H,external_test,0.9145301849,0.1649484536,0.7495817313
SwinSite,plinder:3bkq__1__1.A__1.B:3bkq__1__1.B,external_test,0.9861111111,0.1904761905,0.7956349206
SwinSite,plinder:3hxu__1__1.A__1.B:3hxu__1__1.B,external_test,0.9705128205,0.2142857143,0.7562271062
SwinSite,plinder:3it3__1__1.B__1.D:3it3__1__1.D,external_test,1.0000000000,0.1800000000,0.8200000000
SwinSite,plinder:3jsa__1__2.A__2.B:3jsa__1__2.B,external_test,0.9478458050,0.3277468409,0.6200989641
SwinSite,plinder:3ohb__1__1.A__1.D_1.E_1.F:3ohb__1__1.D,external_test,0.9797979798,0.0670864198,0.9127115600
SwinSite,plinder:3ova__1__2.A__2.C_2.E:3ova__1__2.C,external_test,0.8701388889,0.1904761905,0.6796626984
SwinSite,plinder:3pde__1__1.B__1.J_1.K_1.L_1.M:3pde__1__1.J,external_test,1.0000000000,0.1212121212,0.8787878788
SwinSite,plinder:3qcp__1__1.A__1.B:3qcp__1__1.B,external_test,0.9351256649,0.1957444589,0.7393812060
SwinSite,plinder:3t44__1__1.A__1.B_1.C:3t44__1__1.C,external_test,1.0000000000,0.2272727273,0.7727272727
SwinSite,plinder:3uel__1__1.A__1.D:3uel__1__1.D,external_test,1.0000000000,0.1547619048,0.8452380952
SwinSite,plinder:3vw2__1__1.A__1.E:3vw2__1__1.E,external_test,1.0000000000,0.0555555556,0.9444444444
SwinSite,plinder:3wqy__1__1.A__1.D:3wqy__1__1.D,external_test,0.9909090909,0.1265822785,0.8643268124
SwinSite,plinder:4aha__1__1.A__1.K:4aha__1__1.K,external_test,0.9666666667,0.0159235669,0.9507430998
SwinSite,plinder:4c49__3__1.C__1.G:4c49__3__1.G,external_test,0.9379251701,0.2413793103,0.6965458597
SwinSite,plinder:4cyi__2__1.C__1.M_1.N:4cyi__2__1.M,external_test,0.9526289683,0.1632653061,0.7893636621
SwinSite,plinder:4cyj__1__1.A__1.G_1.H:4cyj__1__1.G,external_test,0.9861111111,0.1666666667,0.8194444444
SwinSite,plinder:4edh__1__1.A__1.C_1.D_1.E:4edh__1__1.C,external_test,1.0000000000,0.2121212121,0.7878787879
SwinSite,plinder:4edh__1__1.A__1.C_1.D_1.E:4edh__1__1.D,external_test,0.9888888889,0.1034058534,0.8854830355
SwinSite,plinder:4gmd__2__1.D__1.O:4gmd__2__1.O,external_test,1.0000000000,0.2424242424,0.7575757576
SwinSite,plinder:4gyz__3__1.C__1.O_1.P:4gyz__3__1.O,external_test,0.9617346939,0.1412087912,0.8205259027
SwinSite,plinder:4i4v__2__1.D__1.L:4i4v__2__1.L,external_test,1.0000000000,0.0526315789,0.9473684211
SwinSite,plinder:4js1__1__1.A__1.C_1.D:4js1__1__1.C,external_test,1.0000000000,0.1707317073,0.8292682927
SwinSite,plinder:4jvo__1__1.A__1.C:4jvo__1__1.C,external_test,1.0000000000,0.1395348837,0.8604651163
SwinSite,plinder:4qnu__6__1.F__1.T:4qnu__6__1.T,external_test,0.9805194805,0.2000000000,0.7805194805
SwinSite,plinder:4rus__2__1.C__1.V:4rus__2__1.V,external_test,1.0000000000,0.0163350528,0.9836649472
SwinSite,plinder:4tsq__3__1.C__1.U:4tsq__3__1.U,external_test,1.0000000000,0.0308380414,0.9691619586
SwinSite,plinder:4x3m__1__1.A__1.C:4x3m__1__1.C,external_test,0.9500000000,0.1081081081,0.8418918919
SwinSite,plinder:4x8d__2__1.B__1.T_1.U_1.V:4x8d__2__1.T,external_test,1.0000000000,0.1578947368,0.8421052632
SwinSite,plinder:4xp9__1__1.A__1.H:4xp9__1__1.H,external_test,1.0000000000,0.0074487896,0.9925512104
SwinSite,plinder:4xqc__1__1.B__1.J:4xqc__1__1.J,external_test,0.9513755475,0.1733333333,0.7780422142
SwinSite,plinder:4yco__3__1.C__1.J:4yco__3__1.J,external_test,0.8804935805,0.2857142857,0.5947792948
SwinSite,plinder:4yzl__1__1.A__1.B_1.C:4yzl__1__1.C,external_test,0.9379251701,0.1206896552,0.8172355149
SwinSite,plinder:4zr5__2__1.A__1.G_1.H:4zr5__2__1.H,external_test,0.9502840909,0.1458432210,0.8044408699
SwinSite,plinder:5adv__2__1.C__1.L_1.M_1.N:5adv__2__1.N,external_test,1.0000000000,0.0985437327,0.9014562673
SwinSite,plinder:5df1__2__1.B__1.G_1.H:5df1__2__1.G,external_test,0.9930555556,0.2666666667,0.7263888889
SwinSite,plinder:5eq9__1__1.A__1.E:5eq9__1__1.E,external_test,0.9500000000,0.1481481481,0.8018518519
SwinSite,plinder:5f2n__1__1.B__1.E_1.F:5f2n__1__1.E,external_test,1.0000000000,0.1071428571,0.8928571429
SwinSite,plinder:5h41__1__1.A__1.C_1.E_1.F:5h41__1__1.E,external_test,0.8100000000,0.0467289720,0.7632710280
SwinSite,plinder:5jqw__1__1.A__1.B:5jqw__1__1.B,external_test,0.9254656959,0.2340425532,0.6914231427
SwinSite,plinder:5ost__1__1.A__1.P:5ost__1__1.P,external_test,0.9040178571,0.1904761905,0.7135416667
SwinSite,plinder:5slg__1__1.A__1.G:5slg__1__1.G,external_test,0.9666666667,0.0980392157,0.8686274510
SwinSite,plinder:5t64__1__1.B__1.M:5t64__1__1.M,external_test,1.0000000000,0.1575980392,0.8424019608
SwinSite,plinder:6a8p__3__1.C__1.F:6a8p__3__1.F,external_test,0.9093537415,0.0396775746,0.8696761669
SwinSite,plinder:6apl__1__1.A__1.G:6apl__1__1.G,external_test,1.0000000000,0.2777777778,0.7222222222
SwinSite,plinder:6cip__2__1.D__1.CA_1.DA:6cip__2__1.CA,external_test,0.9125755835,0.2678571429,0.6447184406
SwinSite,plinder:6e08__1__1.A__1.B:6e08__1__1.B,external_test,1.0000000000,0.1781818182,0.8218181818
SwinSite,plinder:6el3__3__1.A__1.G:6el3__3__1.G,external_test,0.9952380952,0.2222222222,0.7730158730
SwinSite,plinder:6f83__1__1.A__1.C:6f83__1__1.C,external_test,1.0000000000,0.3549741602,0.6450258398
SwinSite,plinder:6fl8__1__1.A__1.C_1.D_1.E_1.G:6fl8__1__1.C,external_test,1.0000000000,0.0600000000,0.9400000000
SwinSite,plinder:6fl8__2__1.B__1.J_1.K_1.L:6fl8__2__1.J,external_test,0.9086435786,0.0925925926,0.8160509861
SwinSite,plinder:6i1g__2__1.B__1.D:6i1g__2__1.D,external_test,0.9063455988,0.2857142857,0.6206313131
SwinSite,plinder:6imj__1__1.A__1.E_1.G_1.H:6imj__1__1.E,external_test,0.9909090909,0.1470588235,0.8438502674
SwinSite,plinder:6kal__1__1.A__1.G_1.H:6kal__1__1.G,external_test,0.9761904762,0.0441992077,0.9319912685
SwinSite,plinder:6lfr__1__1.A__1.B:6lfr__1__1.B,external_test,0.9333765771,0.3333333333,0.6000432438
SwinSite,plinder:6lft__1__1.A__1.B_1.C:6lft__1__1.C,external_test,0.9453444703,0.3000000000,0.6453444703
SwinSite,plinder:6ms8__1__1.A__1.I:6ms8__1__1.I,external_test,1.0000000000,0.2962962963,0.7037037037
SwinSite,plinder:6tlk__2__1.D__1.R:6tlk__2__1.R,external_test,1.0000000000,0.1714285714,0.8285714286
SwinSite,plinder:6x5t__2__1.D__1.Q:6x5t__2__1.Q,external_test,0.9304064919,0.2037037037,0.7267027882
SwinSite,plinder:6x5u__4__2.F__2.X:6x5u__4__2.X,external_test,0.9009952466,0.2291666667,0.6718285799
SwinSite,plinder:6y88__6__1.F__1.U:6y88__6__1.U,external_test,0.9910714286,0.3589743590,0.6320970696
SwinSite,plinder:6yab__2__1.B__1.I:6yab__2__1.I,external_test,0.9750000000,0.2162162162,0.7587837838
SwinSite,plinder:6ykb__1__1.A__1.C:6ykb__1__1.C,external_test,1.0000000000,0.1086956522,0.8913043478
SwinSite,plinder:6zxb__1__1.B__1.L_1.N_1.O:6zxb__1__1.L,external_test,0.9202741703,0.0898911635,0.8303830068
SwinSite,plinder:7ac8__3__1.E__1.K:7ac8__3__1.K,external_test,1.0000000000,0.2333333333,0.7666666667
SwinSite,plinder:7cta__1__2.B__2.E_2.F:7cta__1__2.E,external_test,0.9649678604,0.2244897959,0.7404780645
SwinSite,plinder:7em1__1__1.A__1.D:7em1__1__1.D,external_test,0.8750000000,0.0126582278,0.8623417722
SwinSite,plinder:7plr__3__1.C__1.O_1.P_1.Q_1.R:7plr__3__1.O,external_test,0.8875000000,0.2934782609,0.5940217391
SwinSite,plinder:7rbw__2__1.B__1.D:7rbw__2__1.D,external_test,1.0000000000,0.2909090909,0.7090909091
SwinSite,plinder:7rtc__2__1.B__1.E:7rtc__2__1.E,external_test,0.9821428571,0.1891891892,0.7929536680
SwinSite,plinder:7u0r__1__1.B__1.I_1.J_1.K_1.L:7u0r__1__1.J,external_test,0.9115961199,0.1323529412,0.7792431788
SwinSite,plinder:7u8y__1__1.B__1.G_1.H_1.I_1.J:7u8y__1__1.H,external_test,1.0000000000,0.2162162162,0.7837837838
SwinSite,plinder:8e1v__1__1.A__1.C_1.D:8e1v__1__1.C,external_test,0.9060405644,0.1764705882,0.7295699761
SwinSite,plinder:8g9d__1__1.A__1.B:8g9d__1__1.B,external_test,1.0000000000,0.3235294118,0.6764705882
SwinSite,plinder:8og5__1__1.A__1.D:8og5__1__1.D,external_test,0.8541666667,0.0714285714,0.7827380952
SwinSite,plinder:8one__1__1.A__1.F_1.K:8one__1__1.K,external_test,0.9075829263,0.1090909091,0.7984920172
SwinSite,plinder:1jed__1__3.B__3.SA_3.TA:1jed__1__3.TA,external_val,1.0000000000,0.1698113208,0.8301886792
SwinSite,plinder:1jee__1__3.A__3.T_3.TA:1jee__1__3.TA,external_val,1.0000000000,0.1551724138,0.8448275862
SwinSite,plinder:1lvg__1__1.A__1.B_1.D:1lvg__1__1.D,external_val,0.9697979798,0.1797390110,0.7900589688
SwinSite,plinder:1mn0__1__1.B__1.E:1mn0__1__1.E,external_val,0.6666666667,0.0769230769,0.5897435897
SwinSite,plinder:1qw9__1__3.A__3.C:1qw9__1__3.C,external_val,1.0000000000,0.1463414634,0.8536585366
SwinSite,plinder:1u6r__1__1.B__1.E_1.F_1.G_1.H:1u6r__1__1.G,external_val,0.9419191919,0.1379136189,0.8040055730
SwinSite,plinder:1wb9__1__1.A__1.E_1.F:1wb9__1__1.E,external_val,1.0000000000,0.1200000000,0.8800000000
SwinSite,plinder:1xco__2__1.C__1.R:1xco__2__1.R,external_val,1.0000000000,0.0092879257,0.9907120743
SwinSite,plinder:1y2w__1__1.A__1.E:1y2w__1__1.E,external_val,1.0000000000,0.2562500000,0.7437500000
SwinSite,plinder:1y2w__1__2.A__2.E:1y2w__1__2.E,external_val,1.0000000000,0.0702614379,0.9297385621
SwinSite,plinder:1y2x__1__1.A__1.I:1y2x__1__1.I,external_val,1.0000000000,0.2666666667,0.7333333333
SwinSite,plinder:1zdg__1__2.A__2.B_2.D:1zdg__1__2.D,external_val,0.9924242424,0.3793103448,0.6131138976
SwinSite,plinder:2e1t__2__1.B__1.D:2e1t__2__1.D,external_val,0.9877124183,0.1914983165,0.7962141018
SwinSite,plinder:2e5a__1__1.A__1.E:2e5a__1__1.E,external_val,1.0000000000,0.1060606061,0.8939393939
SwinSite,plinder:2fmn__1__2.B__2.F_2.G:2fmn__1__2.F,external_val,0.9844444444,0.2547663718,0.7296780726
SwinSite,plinder:2iyi__1__1.B__1.E:2iyi__1__1.E,external_val,0.9821428571,0.2413793103,0.7407635468
SwinSite,plinder:2plm__1__1.A__1.B_1.C:2plm__1__1.C,external_val,0.8670995671,0.2000000000,0.6670995671
SwinSite,plinder:2qm7__1__1.A__1.E:2qm7__1__1.E,external_val,1.0000000000,0.0350318471,0.9649681529
SwinSite,plinder:2vck__1__1.A__1.E:2vck__1__1.E,external_val,0.8676736227,0.3191489362,0.5485246865
SwinSite,plinder:2x9j__2__1.B__1.D:2x9j__2__1.D,external_val,0.8930816098,0.3863636364,0.5067179734
SwinSite,plinder:2y4l__1__1.A__1.C_1.D_1.E:2y4l__1__1.D,external_val,0.9861111111,0.1311475410,0.8549635701
SwinSite,plinder:2y4l__2__1.B__1.I_1.J:2y4l__2__1.J,external_val,0.9093537415,0.1400000000,0.7693537415
SwinSite,plinder:3afh__1__1.A__1.B:3afh__1__1.B,external_val,1.0000000000,0.2083333333,0.7916666667
SwinSite,plinder:3cj9__1__1.A__1.D:3cj9__1__1.D,external_val,0.9266666667,0.1020408163,0.8246258503
SwinSite,plinder:3cja__1__1.A__1.B_1.C:3cja__1__1.C,external_val,0.9707362082,0.2307692308,0.7399669775
SwinSite,plinder:3dzv__1__3.A__3.E:3dzv__1__3.E,external_val,0.9821428571,0.2592592593,0.7228835979
SwinSite,plinder:3etg__1__1.A__1.I:3etg__1__1.I,external_val,0.9888888889,0.0175330091,0.9713558798
SwinSite,plinder:3i3q__2__1.B__1.E_1.F:3i3q__2__1.E,external_val,0.8909171076,0.1875000000,0.7034171076
SwinSite,plinder:3pju__1__2.A__2.B:3pju__1__2.B,external_val,0.9288991101,0.2857142857,0.6431848244
SwinSite,plinder:3rog__1__1.A__1.B:3rog__1__1.B,external_val,0.8850000000,0.1190476190,0.7659523810
SwinSite,plinder:3rsb__1__1.A__1.E:3rsb__1__1.E,external_val,0.9502840909,0.3086956522,0.6415884387
SwinSite,plinder:3rzp__1__1.A__1.E:3rzp__1__1.E,external_val,0.9484126984,0.0697674419,0.8786452566
SwinSite,plinder:3rzp__1__1.B__1.G:3rzp__1__1.G,external_val,1.0000000000,0.1348012889,0.8651987111
SwinSite,plinder:3rzp__2__1.D__1.I:3rzp__2__1.I,external_val,0.9150793651,0.1463414634,0.7687379017
SwinSite,plinder:3se5__1__1.C__1.L_1.N:3se5__1__1.L,external_val,1.0000000000,0.4583333333,0.5416666667
SwinSite,plinder:3svw__1__1.A__1.K:3svw__1__1.K,external_val,0.9859693878,0.2030129870,0.7829564007
SwinSite,plinder:3svw__1__1.B__1.P:3svw__1__1.P,external_val,0.9838264300,0.1710526316,0.8127737984
SwinSite,plinder:3svw__1__1.B__1.Q:3svw__1__1.Q,external_val,0.9945054945,0.1199645749,0.8745409196
SwinSite,plinder:3ubm__2__1.D__1.H:3ubm__2__1.H,external_val,0.9722550177,0.1170212766,0.8552337411
SwinSite,plinder:3wbb__1__2.A__2.H:3wbb__1__2.H,external_val,0.9285204991,0.1950525665,0.7334679326
SwinSite,plinder:4cj6__1__1.A__1.B:4cj6__1__1.B,external_val,0.9680884832,0.3809523810,0.5871361023
SwinSite,plinder:4d47__2__1.B__1.K_1.L:4d47__2__1.L,external_val,0.9166666667,0.0857142857,0.8309523810
SwinSite,plinder:4f0s__1__1.A__1.B:4f0s__1__1.B,external_val,0.8875000000,0.0317299396,0.8557700604
SwinSite,plinder:4fws__1__2.A__2.F:4fws__1__2.F,external_val,0.9085858586,0.1206387547,0.7879471039
SwinSite,plinder:4g88__2__1.D__1.L:4g88__2__1.L,external_val,1.0000000000,0.1665549897,0.8334450103
SwinSite,plinder:4gol__1__1.A__1.D:4gol__1__1.D,external_val,0.7440476190,0.1363636364,0.6076839827
SwinSite,plinder:4gom__1__1.A__1.D:4gom__1__1.D,external_val,1.0000000000,0.1860465116,0.8139534884
SwinSite,plinder:4hh0__1__1.A__1.C:4hh0__1__1.C,external_val,1.0000000000,0.0311358714,0.9688641286
SwinSite,plinder:4hoh__1__1.A__1.E:4hoh__1__1.E,external_val,1.0000000000,0.2019871106,0.7980128894
SwinSite,plinder:4jk3__1__1.A__1.C_1.E:4jk3__1__1.C,external_val,0.9500000000,0.2624521073,0.6875478927
SwinSite,plinder:4o8a__1__1.A__1.B_1.C:4o8a__1__1.B,external_val,0.9807017544,0.2714285714,0.7092731830
SwinSite,plinder:4owu__1__1.A__1.C_1.D_1.E:4owu__1__1.E,external_val,1.0000000000,0.2000000000,0.8000000000
SwinSite,plinder:4rdy__1__1.A__1.C_1.D_1.E:4rdy__1__1.E,external_val,0.9910714286,0.2906200942,0.7004513344
SwinSite,plinder:4xt7__1__1.A__1.B_1.C_1.D:4xt7__1__1.B,external_val,0.9786119711,0.3076923077,0.6709196634
SwinSite,plinder:5icl__1__1.A__1.C:5icl__1__1.C,external_val,0.9047619048,0.1944444444,0.7103174603
SwinSite,plinder:5k7u__1__1.A__1.C:5k7u__1__1.C,external_val,1.0000000000,0.2999240122,0.7000759878
SwinSite,plinder:5kod__2__1.B__1.G_1.H:5kod__2__1.G,external_val,0.9284090909,0.0761904762,0.8522186147
SwinSite,plinder:5kod__4__1.D__1.M_1.N:5kod__4__1.N,external_val,1.0000000000,0.0412371134,0.9587628866
SwinSite,plinder:5mug__1__24.A__24.B:5mug__1__24.B,external_val,0.9804748823,0.2745098039,0.7059650783
SwinSite,plinder:5s4c__1__1.A__1.C:5s4c__1__1.C,external_val,1.0000000000,0.0059523810,0.9940476190
SwinSite,plinder:5suk__1__1.B__1.H:5suk__1__1.H,external_val,0.9526289683,0.1403508772,0.8122780911
SwinSite,plinder:5sxg__2__1.B__1.G_1.H:5sxg__2__1.H,external_val,0.9305555556,0.1703703704,0.7601851852
SwinSite,plinder:5trd__1__1.A__1.E_1.F:5trd__1__1.E,external_val,0.9945054945,0.2549019608,0.7396035337
SwinSite,plinder:5trd__1__1.B__1.G_1.H:5trd__1__1.G,external_val,0.9866452991,0.2264150943,0.7602302048
SwinSite,plinder:5us6__1__1.C__1.T_1.U:5us6__1__1.U,external_val,1.0000000000,0.1200000000,0.8800000000
SwinSite,plinder:5ux7__1__1.C__1.I:5ux7__1__1.I,external_val,0.9860139860,0.1833333333,0.8026806527
SwinSite,plinder:5v9h__1__1.A__1.D_1.F_1.H_1.I:5v9h__1__1.H,external_val,0.9629370629,0.1967213115,0.7662157515
SwinSite,plinder:5v9h__1__1.A__1.D_1.F_1.H_1.I:5v9h__1__1.I,external_val,0.9617346939,0.1147540984,0.8469805955
SwinSite,plinder:5w1c__1__1.A__1.E_1.F:5w1c__1__1.F,external_val,0.8134920635,0.0885622762,0.7249297873
SwinSite,plinder:5xkd__1__1.B__1.F:5xkd__1__1.F,external_val,0.9909090909,0.2222222222,0.7686868687
SwinSite,plinder:5xkd__1__1.C__1.G:5xkd__1__1.G,external_val,0.9777495232,0.1415737204,0.8361758028
SwinSite,plinder:5xv2__1__2.A__2.B:5xv2__1__2.B,external_val,1.0000000000,0.3148148148,0.6851851852
SwinSite,plinder:5y2u__1__1.A__1.D:5y2u__1__1.D,external_val,1.0000000000,0.1555555556,0.8444444444
SwinSite,plinder:5y2u__1__1.B__1.E_1.F:5y2u__1__1.E,external_val,1.0000000000,0.1086956522,0.8913043478
SwinSite,plinder:5ya1__1__1.A__1.E:5ya1__1__1.E,external_val,0.9761904762,0.0869565217,0.8892339545
SwinSite,plinder:5yft__1__2.A__2.D:5yft__1__2.D,external_val,0.9935897436,0.3076923077,0.6858974359
SwinSite,plinder:5yft__1__2.B__2.J:5yft__1__2.J,external_val,1.0000000000,0.3333333333,0.6666666667
SwinSite,plinder:5yft__1__2.C__2.N:5yft__1__2.N,external_val,1.0000000000,0.3428571429,0.6571428571
SwinSite,plinder:5zyr__1__1.B__1.E:5zyr__1__1.E,external_val,0.9901360544,0.2800000000,0.7101360544
SwinSite,plinder:6b5e__1__1.B__1.Q:6b5e__1__1.Q,external_val,1.0000000000,0.0209790210,0.9790209790
SwinSite,plinder:6b5k__1__2.B__2.K:6b5k__1__2.K,external_val,1.0000000000,0.0222222222,0.9777777778
SwinSite,plinder:6czm__1__1.B__1.I:6czm__1__1.I,external_val,0.9617346939,0.0495033594,0.9122313345
SwinSite,plinder:6ie2__2__1.B__1.K_1.L:6ie2__2__1.L,external_val,0.8595238095,0.1794871795,0.6800366300
SwinSite,plinder:6ioh__1__1.B__1.D:6ioh__1__1.D,external_val,0.8357142857,0.1621621622,0.6735521236
SwinSite,plinder:6p7e__1__1.A__1.T:6p7e__1__1.T,external_val,1.0000000000,0.0750000000,0.9250000000
SwinSite,plinder:6p7e__2__1.B__1.Y:6p7e__2__1.Y,external_val,1.0000000000,0.1000000000,0.9000000000
SwinSite,plinder:7ce9__1__1.A__1.Q_1.R:7ce9__1__1.R,external_val,0.9459876543,0.2195121951,0.7264754592
SwinSite,plinder:7f4p__1__1.B__1.C:7f4p__1__1.C,external_val,1.0000000000,0.3490497076,0.6509502924
SwinSite,plinder:7k1l__1__1.A__1.C_1.D:7k1l__1__1.C,external_val,1.0000000000,0.0144092219,0.9855907781
SwinSite,plinder:7npa__1__1.B__1.SA:7npa__1__1.SA,external_val,0.9775934401,0.2638888889,0.7137045512
SwinSite,plinder:7nsn__1__1.A__1.C_1.G:7nsn__1__1.G,external_val,0.8303571429,0.0119402985,0.8184168443
SwinSite,plinder:7u5f__1__1.A__1.E:7u5f__1__1.E,external_val,0.9797979798,0.2250000000,0.7547979798
SwinSite,plinder:8cp9__1__1.A__1.C_1.D:8cp9__1__1.C,external_val,0.9500171837,0.2363636364,0.7136535473
SwinSite,plinder:8cpb__1__1.B__1.H:8cpb__1__1.H,external_val,0.9436868687,0.1475409836,0.7961458851
SwinSite,plinder:8dko__1__1.A__1.C_1.D:8dko__1__1.C,external_val,0.9726645768,0.3333333333,0.6393312435
SwinSite,plinder:8dko__1__1.A__1.C_1.D:8dko__1__1.D,external_val,0.9761904762,0.1000000000,0.8761904762
SwinSite,plinder:8dkq__1__1.A__1.C_1.D:8dkq__1__1.C,external_val,0.9762339999,0.3174603175,0.6587736825
SwinSite,plinder:8i2r__1__1.A__1.D:8i2r__1__1.D,external_val,0.7100000000,0.1111111111,0.5988888889
SwinSite,plinder:8iii__1__1.A__1.C:8iii__1__1.C,external_val,1.0000000000,0.1612903226,0.8387096774
SwinSite,plinder:8j1c__1__1.A__1.E:8j1c__1__1.E,external_val,0.9587703963,0.2133458647,0.7454245316
UniSite,plinder:1afb__1__1.A__1.D_1.F:1afb__1__1.D,external_test,0.8541666667,0.2877435065,0.5664231602
UniSite,plinder:1gzf__3__1.C__1.I_1.J:1gzf__3__1.J,external_test,0.9593750000,0.2962962963,0.6630787037
UniSite,plinder:1l4y__1__1.A__1.B_1.H:1l4y__1__1.H,external_test,0.9888888889,0.2471717172,0.7417171717
UniSite,plinder:1lhv__1__2.A__2.D:1lhv__1__2.D,external_test,1.0000000000,0.1362876254,0.8637123746
UniSite,plinder:1ofd__1__1.A__1.C_1.E:1ofd__1__1.C,external_test,0.9705128205,0.3729395604,0.5975732601
UniSite,plinder:1ofd__1__1.A__1.C_1.E:1ofd__1__1.E,external_test,1.0000000000,0.0668455175,0.9331544825
UniSite,plinder:1oik__1__2.A__2.C_2.D_2.E:1oik__1__2.D,external_test,1.0000000000,0.3497326203,0.6502673797
UniSite,plinder:1omz__2__1.A__1.C_1.D:1omz__2__1.D,external_test,0.9583579882,0.5652173913,0.3931405969
UniSite,plinder:1uj5__2__2.A__2.B:1uj5__2__2.B,external_test,0.9833333333,0.5882352941,0.3950980392
UniSite,plinder:1w2c__2__1.B__1.H_1.I_1.J:1w2c__2__1.H,external_test,0.9761904762,0.1476942252,0.8284962510
UniSite,plinder:1w2c__2__1.B__1.H_1.I_1.J:1w2c__2__1.I,external_test,1.0000000000,0.5000000000,0.5000000000
UniSite,plinder:1wk9__1__1.A__1.B:1wk9__1__1.B,external_test,0.9821428571,0.3474691975,0.6346736597
UniSite,plinder:1xpg__2__1.B__1.K:1xpg__2__1.K,external_test,1.0000000000,0.0448794543,0.9551205457
UniSite,plinder:1xr2__1__1.A__1.D:1xr2__1__1.D,external_test,1.0000000000,0.2095485467,0.7904514533
UniSite,plinder:2dwp__1__1.A__1.B_1.D_1.E:2dwp__1__1.E,external_test,0.9924242424,0.4737762238,0.5186480186
UniSite,plinder:2fqw__1__1.A__1.B:2fqw__1__1.B,external_test,0.9821428571,0.3684210526,0.6137218045
UniSite,plinder:2i7d__1__1.A__1.C_1.D_1.E:2i7d__1__1.E,external_test,0.8734126984,0.2928571429,0.5805555556
UniSite,plinder:2pnc__1__1.B__1.O:2pnc__1__1.O,external_test,0.6684782609,0.3636363636,0.3048418972
UniSite,plinder:2uag__1__1.A__1.B_1.D:2uag__1__1.D,external_test,0.9576330532,0.3000000000,0.6576330532
UniSite,plinder:2vkd__1__1.A__1.D_1.E:2vkd__1__1.E,external_test,0.9456922163,0.5000000000,0.4456922163
UniSite,plinder:2vkh__1__1.A__1.D_1.E:2vkh__1__1.E,external_test,0.9705128205,0.4857618572,0.4847509633
UniSite,plinder:2yqh__1__1.A__1.C:2yqh__1__1.C,external_test,1.0000000000,0.1869547974,0.8130452026
UniSite,plinder:2yqs__1__1.A__1.B_1.D:2yqs__1__1.D,external_test,0.9945054945,0.4425144748,0.5519910197
UniSite,plinder:2yr6__1__1.A__1.D_1.E_1.F:2yr6__1__1.E,external_test,0.9761904762,0.4285714286,0.5476190476
UniSite,plinder:3ayj__1__1.B__1.H_1.I_1.J:3ayj__1__1.H,external_test,0.9145301849,0.3720930233,0.5424371616
UniSite,plinder:3bkq__1__1.A__1.B:3bkq__1__1.B,external_test,0.9861111111,0.3636363636,0.6224747475
UniSite,plinder:3hxu__1__1.A__1.B:3hxu__1__1.B,external_test,0.9705128205,0.3557256236,0.6147871969
UniSite,plinder:3it3__1__1.B__1.D:3it3__1__1.D,external_test,1.0000000000,0.3689331122,0.6310668878
UniSite,plinder:3jsa__1__2.A__2.B:3jsa__1__2.B,external_test,0.9478458050,0.3333333333,0.6145124717
UniSite,plinder:3ohb__1__1.A__1.D_1.E_1.F:3ohb__1__1.D,external_test,0.9797979798,0.6428571429,0.3369408369
UniSite,plinder:3ova__1__2.A__2.C_2.E:3ova__1__2.C,external_test,0.8701388889,0.4444444444,0.4256944444
UniSite,plinder:3pde__1__1.B__1.J_1.K_1.L_1.M:3pde__1__1.J,external_test,1.0000000000,0.2105263158,0.7894736842
UniSite,plinder:3qcp__1__1.A__1.B:3qcp__1__1.B,external_test,0.9351256649,0.4814814815,0.4536441835
UniSite,plinder:3t44__1__1.A__1.B_1.C:3t44__1__1.C,external_test,1.0000000000,0.3149797571,0.6850202429
UniSite,plinder:3uel__1__1.A__1.D:3uel__1__1.D,external_test,1.0000000000,0.3356127659,0.6643872341
UniSite,plinder:3vw2__1__1.A__1.E:3vw2__1__1.E,external_test,1.0000000000,0.1250000000,0.8750000000
UniSite,plinder:3wqy__1__1.A__1.D:3wqy__1__1.D,external_test,0.9909090909,0.1517997656,0.8391093253
UniSite,plinder:4aha__1__1.A__1.K:4aha__1__1.K,external_test,0.9666666667,0.2165180467,0.7501486200
UniSite,plinder:4c49__3__1.C__1.G:4c49__3__1.G,external_test,0.9379251701,0.4023350387,0.5355901314
UniSite,plinder:4cyi__2__1.C__1.M_1.N:4cyi__2__1.M,external_test,0.9526289683,0.2301546392,0.7224743291
UniSite,plinder:4cyj__1__1.A__1.G_1.H:4cyj__1__1.G,external_test,0.9861111111,0.3087313896,0.6773797215
UniSite,plinder:4edh__1__1.A__1.C_1.D_1.E:4edh__1__1.C,external_test,1.0000000000,0.2333333333,0.7666666667
UniSite,plinder:4edh__1__1.A__1.C_1.D_1.E:4edh__1__1.D,external_test,0.9888888889,0.6428571429,0.3460317460
UniSite,plinder:4gmd__2__1.D__1.O:4gmd__2__1.O,external_test,1.0000000000,0.4134353741,0.5865646259
UniSite,plinder:4gyz__3__1.C__1.O_1.P:4gyz__3__1.O,external_test,0.9617346939,0.2299539171,0.7317807768
UniSite,plinder:4i4v__2__1.D__1.L:4i4v__2__1.L,external_test,1.0000000000,0.1250000000,0.8750000000
UniSite,plinder:4js1__1__1.A__1.C_1.D:4js1__1__1.C,external_test,1.0000000000,0.2888589398,0.7111410602
UniSite,plinder:4jvo__1__1.A__1.C:4jvo__1__1.C,external_test,1.0000000000,0.3760683761,0.6239316239
UniSite,plinder:4qnu__6__1.F__1.T:4qnu__6__1.T,external_test,0.9805194805,0.3873812022,0.5931382783
UniSite,plinder:4rus__2__1.C__1.V:4rus__2__1.V,external_test,1.0000000000,0.0563912429,0.9436087571
UniSite,plinder:4tsq__3__1.C__1.U:4tsq__3__1.U,external_test,1.0000000000,0.1577380952,0.8422619048
UniSite,plinder:4x3m__1__1.A__1.C:4x3m__1__1.C,external_test,0.9500000000,0.1444711538,0.8055288462
UniSite,plinder:4x8d__2__1.B__1.T_1.U_1.V:4x8d__2__1.T,external_test,1.0000000000,0.2222222222,0.7777777778
UniSite,plinder:4xp9__1__1.A__1.H:4xp9__1__1.H,external_test,1.0000000000,0.0074487896,0.9925512104
UniSite,plinder:4xqc__1__1.B__1.J:4xqc__1__1.J,external_test,0.9513755475,0.2383559836,0.7130195639
UniSite,plinder:4yco__3__1.C__1.J:4yco__3__1.J,external_test,0.8804935805,0.5454545455,0.3350390350
UniSite,plinder:4yzl__1__1.A__1.B_1.C:4yzl__1__1.C,external_test,0.9379251701,0.7000000000,0.2379251701
UniSite,plinder:4zr5__2__1.A__1.G_1.H:4zr5__2__1.H,external_test,0.9502840909,0.3139367816,0.6363473093
UniSite,plinder:5adv__2__1.C__1.L_1.M_1.N:5adv__2__1.N,external_test,1.0000000000,0.2865604778,0.7134395222
UniSite,plinder:5df1__2__1.B__1.G_1.H:5df1__2__1.G,external_test,0.9930555556,0.3708333333,0.6222222222
UniSite,plinder:5eq9__1__1.A__1.E:5eq9__1__1.E,external_test,0.9500000000,0.3076923077,0.6423076923
UniSite,plinder:5f2n__1__1.B__1.E_1.F:5f2n__1__1.E,external_test,1.0000000000,0.3000000000,0.7000000000
UniSite,plinder:5h41__1__1.A__1.C_1.E_1.F:5h41__1__1.E,external_test,0.8100000000,0.2168067227,0.5931932773
UniSite,plinder:5jqw__1__1.A__1.B:5jqw__1__1.B,external_test,0.9254656959,0.4782608696,0.4472048264
UniSite,plinder:5ost__1__1.A__1.P:5ost__1__1.P,external_test,0.9040178571,0.2769533616,0.6270644955
UniSite,plinder:5slg__1__1.A__1.G:5slg__1__1.G,external_test,0.9666666667,0.0420479303,0.9246187364
UniSite,plinder:5t64__1__1.B__1.M:5t64__1__1.M,external_test,1.0000000000,0.2941855584,0.7058144416
UniSite,plinder:6a8p__3__1.C__1.F:6a8p__3__1.F,external_test,0.9093537415,0.0102941176,0.8990596238
UniSite,plinder:6apl__1__1.A__1.G:6apl__1__1.G,external_test,1.0000000000,0.4761904762,0.5238095238
UniSite,plinder:6cip__2__1.D__1.CA_1.DA:6cip__2__1.CA,external_test,0.9125755835,0.2071691450,0.7054064384
UniSite,plinder:6e08__1__1.A__1.B:6e08__1__1.B,external_test,1.0000000000,0.1141128056,0.8858871944
UniSite,plinder:6el3__3__1.A__1.G:6el3__3__1.G,external_test,0.9952380952,0.4117647059,0.5834733894
UniSite,plinder:6f83__1__1.A__1.C:6f83__1__1.C,external_test,1.0000000000,0.5185185185,0.4814814815
UniSite,plinder:6fl8__1__1.A__1.C_1.D_1.E_1.G:6fl8__1__1.C,external_test,1.0000000000,0.2926587302,0.7073412698
UniSite,plinder:6fl8__2__1.B__1.J_1.K_1.L:6fl8__2__1.J,external_test,0.9086435786,0.2700000000,0.6386435786
UniSite,plinder:6i1g__2__1.B__1.D:6i1g__2__1.D,external_test,0.9063455988,0.3823356909,0.5240099080
UniSite,plinder:6imj__1__1.A__1.E_1.G_1.H:6imj__1__1.E,external_test,0.9909090909,0.3604816639,0.6304274270
UniSite,plinder:6kal__1__1.A__1.G_1.H:6kal__1__1.G,external_test,0.9761904762,0.1149042831,0.8612861931
UniSite,plinder:6lfr__1__1.A__1.B:6lfr__1__1.B,external_test,0.9333765771,0.4444444444,0.4889321327
UniSite,plinder:6lft__1__1.A__1.B_1.C:6lft__1__1.C,external_test,0.9453444703,0.4444444444,0.5009000259
UniSite,plinder:6ms8__1__1.A__1.I:6ms8__1__1.I,external_test,1.0000000000,0.6666666667,0.3333333333
UniSite,plinder:6tlk__2__1.D__1.R:6tlk__2__1.R,external_test,1.0000000000,0.2500000000,0.7500000000
UniSite,plinder:6x5t__2__1.D__1.Q:6x5t__2__1.Q,external_test,0.9304064919,0.3724644734,0.5579420185
UniSite,plinder:6x5u__4__2.F__2.X:6x5u__4__2.X,external_test,0.9009952466,0.3126440786,0.5883511680
UniSite,plinder:6y88__6__1.F__1.U:6y88__6__1.U,external_test,0.9910714286,0.4827586207,0.5083128079
UniSite,plinder:6yab__2__1.B__1.I:6yab__2__1.I,external_test,0.9750000000,0.3636363636,0.6113636364
UniSite,plinder:6ykb__1__1.A__1.C:6ykb__1__1.C,external_test,1.0000000000,0.1713536040,0.8286463960
UniSite,plinder:6zxb__1__1.B__1.L_1.N_1.O:6zxb__1__1.L,external_test,0.9202741703,0.4444444444,0.4758297258
UniSite,plinder:7ac8__3__1.E__1.K:7ac8__3__1.K,external_test,1.0000000000,0.3508252703,0.6491747297
UniSite,plinder:7cta__1__2.B__2.E_2.F:7cta__1__2.E,external_test,0.9649678604,0.3525417199,0.6124261405
UniSite,plinder:7em1__1__1.A__1.D:7em1__1__1.D,external_test,0.8750000000,0.1600000000,0.7150000000
UniSite,plinder:7plr__3__1.C__1.O_1.P_1.Q_1.R:7plr__3__1.O,external_test,0.8875000000,0.0217391304,0.8657608696
UniSite,plinder:7rbw__2__1.B__1.D:7rbw__2__1.D,external_test,1.0000000000,0.3934004101,0.6065995899
UniSite,plinder:7rtc__2__1.B__1.E:7rtc__2__1.E,external_test,0.9821428571,0.0588104491,0.9233324081
UniSite,plinder:7u0r__1__1.B__1.I_1.J_1.K_1.L:7u0r__1__1.J,external_test,0.9115961199,0.4500000000,0.4615961199
UniSite,plinder:7u8y__1__1.B__1.G_1.H_1.I_1.J:7u8y__1__1.H,external_test,1.0000000000,0.3304375804,0.6695624196
UniSite,plinder:8e1v__1__1.A__1.C_1.D:8e1v__1__1.C,external_test,0.9060405644,0.3750000000,0.5310405644
UniSite,plinder:8g9d__1__1.A__1.B:8g9d__1__1.B,external_test,1.0000000000,0.4750420875,0.5249579125
UniSite,plinder:8og5__1__1.A__1.D:8og5__1__1.D,external_test,0.8541666667,0.1217880560,0.7323786107
UniSite,plinder:8one__1__1.A__1.F_1.K:8one__1__1.K,external_test,0.9075829263,0.3500957854,0.5574871409
UniSite,plinder:1jed__1__3.B__3.SA_3.TA:1jed__1__3.TA,external_val,1.0000000000,0.5000000000,0.5000000000
UniSite,plinder:1jee__1__3.A__3.T_3.TA:1jee__1__3.TA,external_val,1.0000000000,0.4464052288,0.5535947712
UniSite,plinder:1lvg__1__1.A__1.B_1.D:1lvg__1__1.D,external_val,0.9697979798,0.5263157895,0.4434821903
UniSite,plinder:1mn0__1__1.B__1.E:1mn0__1__1.E,external_val,0.6666666667,0.2307692308,0.4358974359
UniSite,plinder:1qw9__1__3.A__3.C:1qw9__1__3.C,external_val,1.0000000000,0.2727272727,0.7272727273
UniSite,plinder:1u6r__1__1.B__1.E_1.F_1.G_1.H:1u6r__1__1.G,external_val,0.9419191919,0.4500000000,0.4919191919
UniSite,plinder:1wb9__1__1.A__1.E_1.F:1wb9__1__1.E,external_val,1.0000000000,0.3674434702,0.6325565298
UniSite,plinder:1xco__2__1.C__1.R:1xco__2__1.R,external_val,1.0000000000,0.0213434656,0.9786565344
UniSite,plinder:1y2w__1__1.A__1.E:1y2w__1__1.E,external_val,1.0000000000,0.0281690141,0.9718309859
UniSite,plinder:1y2w__1__2.A__2.E:1y2w__1__2.E,external_val,1.0000000000,0.0281690141,0.9718309859
UniSite,plinder:1y2x__1__1.A__1.I:1y2x__1__1.I,external_val,1.0000000000,0.0281690141,0.9718309859
UniSite,plinder:1zdg__1__2.A__2.B_2.D:1zdg__1__2.D,external_val,0.9924242424,0.5000000000,0.4924242424
UniSite,plinder:2e1t__2__1.B__1.D:2e1t__2__1.D,external_val,0.9877124183,0.6000000000,0.3877124183
UniSite,plinder:2e5a__1__1.A__1.E:2e5a__1__1.E,external_val,1.0000000000,0.2333333333,0.7666666667
UniSite,plinder:2fmn__1__2.B__2.F_2.G:2fmn__1__2.F,external_val,0.9844444444,0.2741523360,0.7102921085
UniSite,plinder:2iyi__1__1.B__1.E:2iyi__1__1.E,external_val,0.9821428571,0.4375000000,0.5446428571
UniSite,plinder:2plm__1__1.A__1.B_1.C:2plm__1__1.C,external_val,0.8670995671,0.2916666667,0.5754329004
UniSite,plinder:2qm7__1__1.A__1.E:2qm7__1__1.E,external_val,1.0000000000,0.7333333333,0.2666666667
UniSite,plinder:2vck__1__1.A__1.E:2vck__1__1.E,external_val,0.8676736227,0.3755352904,0.4921383323
UniSite,plinder:2x9j__2__1.B__1.D:2x9j__2__1.D,external_val,0.8930816098,0.3701499758,0.5229316340
UniSite,plinder:2y4l__1__1.A__1.C_1.D_1.E:2y4l__1__1.D,external_val,0.9861111111,0.3272058824,0.6589052288
UniSite,plinder:2y4l__2__1.B__1.I_1.J:2y4l__2__1.J,external_val,0.9093537415,0.3455096628,0.5638440787
UniSite,plinder:3afh__1__1.A__1.B:3afh__1__1.B,external_val,1.0000000000,0.5000000000,0.5000000000
UniSite,plinder:3cj9__1__1.A__1.D:3cj9__1__1.D,external_val,0.9266666667,0.2380952381,0.6885714286
UniSite,plinder:3cja__1__1.A__1.B_1.C:3cja__1__1.C,external_val,0.9707362082,0.5714285714,0.3993076368
UniSite,plinder:3dzv__1__3.A__3.E:3dzv__1__3.E,external_val,0.9821428571,0.3181818182,0.6639610390
UniSite,plinder:3etg__1__1.A__1.I:3etg__1__1.I,external_val,0.9888888889,0.1122901256,0.8765987633
UniSite,plinder:3i3q__2__1.B__1.E_1.F:3i3q__2__1.E,external_val,0.8909171076,0.3501299945,0.5407871131
UniSite,plinder:3pju__1__2.A__2.B:3pju__1__2.B,external_val,0.9288991101,0.2432194294,0.6856796807
UniSite,plinder:3rog__1__1.A__1.B:3rog__1__1.B,external_val,0.8850000000,0.1240349160,0.7609650840
UniSite,plinder:3rsb__1__1.A__1.E:3rsb__1__1.E,external_val,0.9502840909,0.2466488190,0.7036352719
UniSite,plinder:3rzp__1__1.A__1.E:3rzp__1__1.E,external_val,0.9484126984,0.5000000000,0.4484126984
UniSite,plinder:3rzp__1__1.B__1.G:3rzp__1__1.G,external_val,1.0000000000,0.4325084364,0.5674915636
UniSite,plinder:3rzp__2__1.D__1.I:3rzp__2__1.I,external_val,0.9150793651,0.3827719425,0.5323074225
UniSite,plinder:3se5__1__1.C__1.L_1.N:3se5__1__1.L,external_val,1.0000000000,0.6893506494,0.3106493506
UniSite,plinder:3svw__1__1.A__1.K:3svw__1__1.K,external_val,0.9859693878,0.3558450119,0.6301243759
UniSite,plinder:3svw__1__1.B__1.P:3svw__1__1.P,external_val,0.9838264300,0.4642857143,0.5195407157
UniSite,plinder:3svw__1__1.B__1.Q:3svw__1__1.Q,external_val,0.9945054945,0.1913207053,0.8031847892
UniSite,plinder:3ubm__2__1.D__1.H:3ubm__2__1.H,external_val,0.9722550177,0.4074074074,0.5648476103
UniSite,plinder:3wbb__1__2.A__2.H:3wbb__1__2.H,external_val,0.9285204991,0.3853643164,0.5431561827
UniSite,plinder:4cj6__1__1.A__1.B:4cj6__1__1.B,external_val,0.9680884832,0.7272727273,0.2408157559
UniSite,plinder:4d47__2__1.B__1.K_1.L:4d47__2__1.L,external_val,0.9166666667,0.1357664234,0.7809002433
UniSite,plinder:4f0s__1__1.A__1.B:4f0s__1__1.B,external_val,0.8875000000,0.1631009206,0.7243990794
UniSite,plinder:4fws__1__2.A__2.F:4fws__1__2.F,external_val,0.9085858586,0.4500000000,0.4585858586
UniSite,plinder:4g88__2__1.D__1.L:4g88__2__1.L,external_val,1.0000000000,0.5833333333,0.4166666667
UniSite,plinder:4gol__1__1.A__1.D:4gol__1__1.D,external_val,0.7440476190,0.2368742369,0.5071733822
UniSite,plinder:4gom__1__1.A__1.D:4gom__1__1.D,external_val,1.0000000000,0.3145161290,0.6854838710
UniSite,plinder:4hh0__1__1.A__1.C:4hh0__1__1.C,external_val,1.0000000000,0.4705882353,0.5294117647
UniSite,plinder:4hoh__1__1.A__1.E:4hoh__1__1.E,external_val,1.0000000000,0.4000000000,0.6000000000
UniSite,plinder:4jk3__1__1.A__1.C_1.E:4jk3__1__1.C,external_val,0.9500000000,0.3341787440,0.6158212560
UniSite,plinder:4o8a__1__1.A__1.B_1.C:4o8a__1__1.B,external_val,0.9807017544,0.4560532347,0.5246485197
UniSite,plinder:4owu__1__1.A__1.C_1.D_1.E:4owu__1__1.E,external_val,1.0000000000,0.4444444444,0.5555555556
UniSite,plinder:4rdy__1__1.A__1.C_1.D_1.E:4rdy__1__1.E,external_val,0.9910714286,0.6283099052,0.3627615234
UniSite,plinder:4xt7__1__1.A__1.B_1.C_1.D:4xt7__1__1.B,external_val,0.9786119711,0.3653745645,0.6132374066
UniSite,plinder:5icl__1__1.A__1.C:5icl__1__1.C,external_val,0.9047619048,0.2500000000,0.6547619048
UniSite,plinder:5k7u__1__1.A__1.C:5k7u__1__1.C,external_val,1.0000000000,0.3005244755,0.6994755245
UniSite,plinder:5kod__2__1.B__1.G_1.H:5kod__2__1.G,external_val,0.9284090909,0.3055555556,0.6228535354
UniSite,plinder:5kod__4__1.D__1.M_1.N:5kod__4__1.N,external_val,1.0000000000,0.1236111111,0.8763888889
UniSite,plinder:5mug__1__24.A__24.B:5mug__1__24.B,external_val,0.9804748823,0.3897545505,0.5907203318
UniSite,plinder:5s4c__1__1.A__1.C:5s4c__1__1.C,external_val,1.0000000000,0.0059523810,0.9940476190
UniSite,plinder:5suk__1__1.B__1.H:5suk__1__1.H,external_val,0.9526289683,0.4000000000,0.5526289683
UniSite,plinder:5sxg__2__1.B__1.G_1.H:5sxg__2__1.H,external_val,0.9305555556,0.2267491744,0.7038063811
UniSite,plinder:5trd__1__1.A__1.E_1.F:5trd__1__1.E,external_val,0.9945054945,0.6500000000,0.3445054945
UniSite,plinder:5trd__1__1.B__1.G_1.H:5trd__1__1.G,external_val,0.9866452991,0.5217391304,0.4649061687
UniSite,plinder:5us6__1__1.C__1.T_1.U:5us6__1__1.U,external_val,1.0000000000,0.1512212644,0.8487787356
UniSite,plinder:5ux7__1__1.C__1.I:5ux7__1__1.I,external_val,0.9860139860,0.2976802508,0.6883337352
UniSite,plinder:5v9h__1__1.A__1.D_1.F_1.H_1.I:5v9h__1__1.H,external_val,0.9629370629,0.2507643618,0.7121727011
UniSite,plinder:5v9h__1__1.A__1.D_1.F_1.H_1.I:5v9h__1__1.I,external_val,0.9617346939,0.3751152074,0.5866194865
UniSite,plinder:5w1c__1__1.A__1.E_1.F:5w1c__1__1.F,external_val,0.8134920635,0.0705538706,0.7429381929
UniSite,plinder:5xkd__1__1.B__1.F:5xkd__1__1.F,external_val,0.9909090909,0.5882352941,0.4026737968
UniSite,plinder:5xkd__1__1.C__1.G:5xkd__1__1.G,external_val,0.9777495232,0.6470588235,0.3306906997
UniSite,plinder:5xv2__1__2.A__2.B:5xv2__1__2.B,external_val,1.0000000000,0.5666666667,0.4333333333
UniSite,plinder:5y2u__1__1.A__1.D:5y2u__1__1.D,external_val,1.0000000000,0.4702380952,0.5297619048
UniSite,plinder:5y2u__1__1.B__1.E_1.F:5y2u__1__1.E,external_val,1.0000000000,0.2390977444,0.7609022556
UniSite,plinder:5ya1__1__1.A__1.E:5ya1__1__1.E,external_val,0.9761904762,0.0945114447,0.8816790314
UniSite,plinder:5yft__1__2.A__2.D:5yft__1__2.D,external_val,0.9935897436,0.5632907752,0.4302989683
UniSite,plinder:5yft__1__2.B__2.J:5yft__1__2.J,external_val,1.0000000000,0.6152540159,0.3847459841
UniSite,plinder:5yft__1__2.C__2.N:5yft__1__2.N,external_val,1.0000000000,0.6000000000,0.4000000000
UniSite,plinder:5zyr__1__1.B__1.E:5zyr__1__1.E,external_val,0.9901360544,0.6363636364,0.3537724181
UniSite,plinder:6b5e__1__1.B__1.Q:6b5e__1__1.Q,external_val,1.0000000000,0.1027028527,0.8972971473
UniSite,plinder:6b5k__1__2.B__2.K:6b5k__1__2.K,external_val,1.0000000000,0.1105413105,0.8894586895
UniSite,plinder:6czm__1__1.B__1.I:6czm__1__1.I,external_val,0.9617346939,0.1714724156,0.7902622783
UniSite,plinder:6ie2__2__1.B__1.K_1.L:6ie2__2__1.L,external_val,0.8595238095,0.4375000000,0.4220238095
UniSite,plinder:6ioh__1__1.B__1.D:6ioh__1__1.D,external_val,0.8357142857,0.2857142857,0.5500000000
UniSite,plinder:6p7e__1__1.A__1.T:6p7e__1__1.T,external_val,1.0000000000,0.0147866063,0.9852133937
UniSite,plinder:6p7e__2__1.B__1.Y:6p7e__2__1.Y,external_val,1.0000000000,0.0143041607,0.9856958393
UniSite,plinder:7ce9__1__1.A__1.Q_1.R:7ce9__1__1.R,external_val,0.9459876543,0.3750000000,0.5709876543
UniSite,plinder:7f4p__1__1.B__1.C:7f4p__1__1.C,external_val,1.0000000000,0.2957240195,0.7042759805
UniSite,plinder:7k1l__1__1.A__1.C_1.D:7k1l__1__1.C,external_val,1.0000000000,0.0615273775,0.9384726225
UniSite,plinder:7npa__1__1.B__1.SA:7npa__1__1.SA,external_val,0.9775934401,0.4750000000,0.5025934401
UniSite,plinder:7nsn__1__1.A__1.C_1.G:7nsn__1__1.G,external_val,0.8303571429,0.0153460785,0.8150110643
UniSite,plinder:7u5f__1__1.A__1.E:7u5f__1__1.E,external_val,0.9797979798,0.3462157810,0.6335821988
UniSite,plinder:8cp9__1__1.A__1.C_1.D:8cp9__1__1.C,external_val,0.9500171837,0.2400121094,0.7100050743
UniSite,plinder:8cpb__1__1.B__1.H:8cpb__1__1.H,external_val,0.9436868687,0.4210630845,0.5226237842
UniSite,plinder:8dko__1__1.A__1.C_1.D:8dko__1__1.C,external_val,0.9726645768,0.4114914021,0.5611731747
UniSite,plinder:8dko__1__1.A__1.C_1.D:8dko__1__1.D,external_val,0.9761904762,0.2010168651,0.7751736111
UniSite,plinder:8dkq__1__1.A__1.C_1.D:8dkq__1__1.C,external_val,0.9762339999,0.4024163960,0.5738176040
UniSite,plinder:8i2r__1__1.A__1.D:8i2r__1__1.D,external_val,0.7100000000,0.3500000000,0.3600000000
UniSite,plinder:8iii__1__1.A__1.C:8iii__1__1.C,external_val,1.0000000000,0.3571428571,0.6428571429
UniSite,plinder:8j1c__1__1.A__1.E:8j1c__1__1.E,external_val,0.9587703963,0.4615384615,0.4972319347
fpocket,plinder:1afb__1__1.A__1.D_1.F:1afb__1__1.D,external_test,0.8541666667,0.0259740260,0.8281926407
fpocket,plinder:1gzf__3__1.C__1.I_1.J:1gzf__3__1.J,external_test,0.9593750000,0.2267786561,0.7325963439
fpocket,plinder:1l4y__1__1.A__1.B_1.H:1l4y__1__1.H,external_test,0.9888888889,0.2647058824,0.7241830065
fpocket,plinder:1lhv__1__2.A__2.D:1lhv__1__2.D,external_test,1.0000000000,0.1666666667,0.8333333333
fpocket,plinder:1ofd__1__1.A__1.C_1.E:1ofd__1__1.C,external_test,0.9705128205,0.1840040241,0.7865087964
fpocket,plinder:1ofd__1__1.A__1.C_1.E:1ofd__1__1.E,external_test,1.0000000000,0.1636363636,0.8363636364
fpocket,plinder:1oik__1__2.A__2.C_2.D_2.E:1oik__1__2.D,external_test,1.0000000000,0.1351351351,0.8648648649
fpocket,plinder:1omz__2__1.A__1.C_1.D:1omz__2__1.D,external_test,0.9583579882,0.2549019608,0.7034560274
fpocket,plinder:1uj5__2__2.A__2.B:1uj5__2__2.B,external_test,0.9833333333,0.1862013561,0.7971319772
fpocket,plinder:1w2c__2__1.B__1.H_1.I_1.J:1w2c__2__1.H,external_test,0.9761904762,0.1578947368,0.8182957393
fpocket,plinder:1w2c__2__1.B__1.H_1.I_1.J:1w2c__2__1.I,external_test,1.0000000000,0.0278557840,0.9721442160
fpocket,plinder:1wk9__1__1.A__1.B:1wk9__1__1.B,external_test,0.9821428571,0.1764128728,0.8057299843
fpocket,plinder:1xpg__2__1.B__1.K:1xpg__2__1.K,external_test,1.0000000000,0.0102987028,0.9897012972
fpocket,plinder:1xr2__1__1.A__1.D:1xr2__1__1.D,external_test,1.0000000000,0.0097902098,0.9902097902
fpocket,plinder:2dwp__1__1.A__1.B_1.D_1.E:2dwp__1__1.E,external_test,0.9924242424,0.0255220418,0.9669022007
fpocket,plinder:2fqw__1__1.A__1.B:2fqw__1__1.B,external_test,0.9821428571,0.3500000000,0.6321428571
fpocket,plinder:2i7d__1__1.A__1.C_1.D_1.E:2i7d__1__1.E,external_test,0.8734126984,0.1353896805,0.7380230179
fpocket,plinder:2pnc__1__1.B__1.O:2pnc__1__1.O,external_test,0.6684782609,0.1290322581,0.5394460028
fpocket,plinder:2uag__1__1.A__1.B_1.D:2uag__1__1.D,external_test,0.9576330532,0.3022919448,0.6553411084
fpocket,plinder:2vkd__1__1.A__1.D_1.E:2vkd__1__1.E,external_test,0.9456922163,0.2181818182,0.7275103981
fpocket,plinder:2vkh__1__1.A__1.D_1.E:2vkh__1__1.E,external_test,0.9705128205,0.3123525504,0.6581602701
fpocket,plinder:2yqh__1__1.A__1.C:2yqh__1__1.C,external_test,1.0000000000,0.0158689181,0.9841310819
fpocket,plinder:2yqs__1__1.A__1.B_1.D:2yqs__1__1.D,external_test,0.9945054945,0.0274261603,0.9670793342
fpocket,plinder:2yr6__1__1.A__1.D_1.E_1.F:2yr6__1__1.E,external_test,0.9761904762,0.0087719298,0.9674185464
fpocket,plinder:3ayj__1__1.B__1.H_1.I_1.J:3ayj__1__1.H,external_test,0.9145301849,0.0233576642,0.8911725207
fpocket,plinder:3bkq__1__1.A__1.B:3bkq__1__1.B,external_test,0.9861111111,0.0357701589,0.9503409522
fpocket,plinder:3hxu__1__1.A__1.B:3hxu__1__1.B,external_test,0.9705128205,0.4137931034,0.5567197171
fpocket,plinder:3it3__1__1.B__1.D:3it3__1__1.D,external_test,1.0000000000,0.0283250415,0.9716749585
fpocket,plinder:3jsa__1__2.A__2.B:3jsa__1__2.B,external_test,0.9478458050,0.0687689417,0.8790768633
fpocket,plinder:3ohb__1__1.A__1.D_1.E_1.F:3ohb__1__1.D,external_test,0.9797979798,0.5294117647,0.4503862151
fpocket,plinder:3ova__1__2.A__2.C_2.E:3ova__1__2.C,external_test,0.8701388889,0.0387455241,0.8313933648
fpocket,plinder:3pde__1__1.B__1.J_1.K_1.L_1.M:3pde__1__1.J,external_test,1.0000000000,0.0603205128,0.9396794872
fpocket,plinder:3qcp__1__1.A__1.B:3qcp__1__1.B,external_test,0.9351256649,0.2321428571,0.7029828078
fpocket,plinder:3t44__1__1.A__1.B_1.C:3t44__1__1.C,external_test,1.0000000000,0.5000000000,0.5000000000
fpocket,plinder:3uel__1__1.A__1.D:3uel__1__1.D,external_test,1.0000000000,0.4193548387,0.5806451613
fpocket,plinder:3vw2__1__1.A__1.E:3vw2__1__1.E,external_test,1.0000000000,0.0163043478,0.9836956522
fpocket,plinder:3wqy__1__1.A__1.D:3wqy__1__1.D,external_test,0.9909090909,0.4761904762,0.5147186147
fpocket,plinder:4aha__1__1.A__1.K:4aha__1__1.K,external_test,0.9666666667,0.0617283951,0.9049382716
fpocket,plinder:4c49__3__1.C__1.G:4c49__3__1.G,external_test,0.9379251701,0.0460317460,0.8918934240
fpocket,plinder:4cyi__2__1.C__1.M_1.N:4cyi__2__1.M,external_test,0.9526289683,0.0979710145,0.8546579538
fpocket,plinder:4cyj__1__1.A__1.G_1.H:4cyj__1__1.G,external_test,0.9861111111,0.1556063896,0.8305047215
fpocket,plinder:4edh__1__1.A__1.C_1.D_1.E:4edh__1__1.C,external_test,1.0000000000,0.3333333333,0.6666666667
fpocket,plinder:4edh__1__1.A__1.C_1.D_1.E:4edh__1__1.D,external_test,0.9888888889,0.2432432432,0.7456456456
fpocket,plinder:4gmd__2__1.D__1.O:4gmd__2__1.O,external_test,1.0000000000,0.4000000000,0.6000000000
fpocket,plinder:4gyz__3__1.C__1.O_1.P:4gyz__3__1.O,external_test,0.9617346939,0.1183179724,0.8434167215
fpocket,plinder:4i4v__2__1.D__1.L:4i4v__2__1.L,external_test,1.0000000000,0.0487804878,0.9512195122
fpocket,plinder:4js1__1__1.A__1.C_1.D:4js1__1__1.C,external_test,1.0000000000,0.2058823529,0.7941176471
fpocket,plinder:4jvo__1__1.A__1.C:4jvo__1__1.C,external_test,1.0000000000,0.1380952381,0.8619047619
fpocket,plinder:4qnu__6__1.F__1.T:4qnu__6__1.T,external_test,0.9805194805,0.1212487686,0.8592707119
fpocket,plinder:4rus__2__1.C__1.V:4rus__2__1.V,external_test,1.0000000000,0.6666666667,0.3333333333
fpocket,plinder:4tsq__3__1.C__1.U:4tsq__3__1.U,external_test,1.0000000000,0.0348062954,0.9651937046
fpocket,plinder:4x3m__1__1.A__1.C:4x3m__1__1.C,external_test,0.9500000000,0.1904761905,0.7595238095
fpocket,plinder:4x8d__2__1.B__1.T_1.U_1.V:4x8d__2__1.T,external_test,1.0000000000,0.1818181818,0.8181818182
fpocket,plinder:4xp9__1__1.A__1.H:4xp9__1__1.H,external_test,1.0000000000,0.0074487896,0.9925512104
fpocket,plinder:4xqc__1__1.B__1.J:4xqc__1__1.J,external_test,0.9513755475,0.2063492063,0.7450263412
fpocket,plinder:4yco__3__1.C__1.J:4yco__3__1.J,external_test,0.8804935805,0.4137931034,0.4667004770
fpocket,plinder:4yzl__1__1.A__1.B_1.C:4yzl__1__1.C,external_test,0.9379251701,0.2058823529,0.7320428171
fpocket,plinder:4zr5__2__1.A__1.G_1.H:4zr5__2__1.H,external_test,0.9502840909,0.1225590447,0.8277250462
fpocket,plinder:5adv__2__1.C__1.L_1.M_1.N:5adv__2__1.N,external_test,1.0000000000,0.1020617599,0.8979382401
fpocket,plinder:5df1__2__1.B__1.G_1.H:5df1__2__1.G,external_test,0.9930555556,0.3404255319,0.6526300236
fpocket,plinder:5eq9__1__1.A__1.E:5eq9__1__1.E,external_test,0.9500000000,0.1739130435,0.7760869565
fpocket,plinder:5f2n__1__1.B__1.E_1.F:5f2n__1__1.E,external_test,1.0000000000,0.2222222222,0.7777777778
fpocket,plinder:5h41__1__1.A__1.C_1.E_1.F:5h41__1__1.E,external_test,0.8100000000,0.0246261575,0.7853738425
fpocket,plinder:5jqw__1__1.A__1.B:5jqw__1__1.B,external_test,0.9254656959,0.2101010101,0.7153646858
fpocket,plinder:5ost__1__1.A__1.P:5ost__1__1.P,external_test,0.9040178571,0.3809523810,0.5230654762
fpocket,plinder:5slg__1__1.A__1.G:5slg__1__1.G,external_test,0.9666666667,0.0286249302,0.9380417364
fpocket,plinder:5t64__1__1.B__1.M:5t64__1__1.M,external_test,1.0000000000,0.0193683529,0.9806316471
fpocket,plinder:6a8p__3__1.C__1.F:6a8p__3__1.F,external_test,0.9093537415,0.0380252101,0.8713285314
fpocket,plinder:6apl__1__1.A__1.G:6apl__1__1.G,external_test,1.0000000000,0.2250156533,0.7749843467
fpocket,plinder:6cip__2__1.D__1.CA_1.DA:6cip__2__1.CA,external_test,0.9125755835,0.4838709677,0.4287046157
fpocket,plinder:6e08__1__1.A__1.B:6e08__1__1.B,external_test,1.0000000000,0.0878395062,0.9121604938
fpocket,plinder:6el3__3__1.A__1.G:6el3__3__1.G,external_test,0.9952380952,0.3111111111,0.6841269841
fpocket,plinder:6f83__1__1.A__1.C:6f83__1__1.C,external_test,1.0000000000,0.1314459050,0.8685540950
fpocket,plinder:6fl8__1__1.A__1.C_1.D_1.E_1.G:6fl8__1__1.C,external_test,1.0000000000,0.0830933772,0.9169066228
fpocket,plinder:6fl8__2__1.B__1.J_1.K_1.L:6fl8__2__1.J,external_test,0.9086435786,0.2439024390,0.6647411396
fpocket,plinder:6i1g__2__1.B__1.D:6i1g__2__1.D,external_test,0.9063455988,0.2047976540,0.7015479449
fpocket,plinder:6imj__1__1.A__1.E_1.G_1.H:6imj__1__1.E,external_test,0.9909090909,0.4074630542,0.5834460367
fpocket,plinder:6kal__1__1.A__1.G_1.H:6kal__1__1.G,external_test,0.9761904762,0.0166144116,0.9595760645
fpocket,plinder:6lfr__1__1.A__1.B:6lfr__1__1.B,external_test,0.9333765771,0.4615384615,0.4718381156
fpocket,plinder:6lft__1__1.A__1.B_1.C:6lft__1__1.C,external_test,0.9453444703,0.4137931034,0.5315513669
fpocket,plinder:6ms8__1__1.A__1.I:6ms8__1__1.I,external_test,1.0000000000,0.4705882353,0.5294117647
fpocket,plinder:6tlk__2__1.D__1.R:6tlk__2__1.R,external_test,1.0000000000,0.0237713675,0.9762286325
fpocket,plinder:6x5t__2__1.D__1.Q:6x5t__2__1.Q,external_test,0.9304064919,0.1177119272,0.8126945647
fpocket,plinder:6x5u__4__2.F__2.X:6x5u__4__2.X,external_test,0.9009952466,0.2274231511,0.6735720955
fpocket,plinder:6y88__6__1.F__1.U:6y88__6__1.U,external_test,0.9910714286,0.4117647059,0.5793067227
fpocket,plinder:6yab__2__1.B__1.I:6yab__2__1.I,external_test,0.9750000000,0.3858520137,0.5891479863
fpocket,plinder:6ykb__1__1.A__1.C:6ykb__1__1.C,external_test,1.0000000000,0.0146627566,0.9853372434
fpocket,plinder:6zxb__1__1.B__1.L_1.N_1.O:6zxb__1__1.L,external_test,0.9202741703,0.1852398924,0.7350342779
fpocket,plinder:7ac8__3__1.E__1.K:7ac8__3__1.K,external_test,1.0000000000,0.4117647059,0.5882352941
fpocket,plinder:7cta__1__2.B__2.E_2.F:7cta__1__2.E,external_test,0.9649678604,0.1951762670,0.7697915935
fpocket,plinder:7em1__1__1.A__1.D:7em1__1__1.D,external_test,0.8750000000,0.0126582278,0.8623417722
fpocket,plinder:7plr__3__1.C__1.O_1.P_1.Q_1.R:7plr__3__1.O,external_test,0.8875000000,0.0198254746,0.8676745254
fpocket,plinder:7rbw__2__1.B__1.D:7rbw__2__1.D,external_test,1.0000000000,0.5000000000,0.5000000000
fpocket,plinder:7rtc__2__1.B__1.E:7rtc__2__1.E,external_test,0.9821428571,0.0401067751,0.9420360820
fpocket,plinder:7u0r__1__1.B__1.I_1.J_1.K_1.L:7u0r__1__1.J,external_test,0.9115961199,0.2093023256,0.7022937943
fpocket,plinder:7u8y__1__1.B__1.G_1.H_1.I_1.J:7u8y__1__1.H,external_test,1.0000000000,0.0360360360,0.9639639640
fpocket,plinder:8e1v__1__1.A__1.C_1.D:8e1v__1__1.C,external_test,0.9060405644,0.2110745614,0.6949660030
fpocket,plinder:8g9d__1__1.A__1.B:8g9d__1__1.B,external_test,1.0000000000,0.1928619529,0.8071380471
fpocket,plinder:8og5__1__1.A__1.D:8og5__1__1.D,external_test,0.8541666667,0.0714285714,0.7827380952
fpocket,plinder:8one__1__1.A__1.F_1.K:8one__1__1.K,external_test,0.9075829263,0.0172413793,0.8903415470
fpocket,plinder:1jed__1__3.B__3.SA_3.TA:1jed__1__3.TA,external_val,1.0000000000,0.1666666667,0.8333333333
fpocket,plinder:1jee__1__3.A__3.T_3.TA:1jee__1__3.TA,external_val,1.0000000000,0.1337513062,0.8662486938
fpocket,plinder:1lvg__1__1.A__1.B_1.D:1lvg__1__1.D,external_val,0.9697979798,0.2752631579,0.6945348219
fpocket,plinder:1mn0__1__1.B__1.E:1mn0__1__1.E,external_val,0.6666666667,0.1304347826,0.5362318841
fpocket,plinder:1qw9__1__3.A__3.C:1qw9__1__3.C,external_val,1.0000000000,0.1000000000,0.9000000000
fpocket,plinder:1u6r__1__1.B__1.E_1.F_1.G_1.H:1u6r__1__1.G,external_val,0.9419191919,0.1914893617,0.7504298302
fpocket,plinder:1wb9__1__1.A__1.E_1.F:1wb9__1__1.E,external_val,1.0000000000,0.0114213198,0.9885786802
fpocket,plinder:1xco__2__1.C__1.R:1xco__2__1.R,external_val,1.0000000000,0.0410958904,0.9589041096
fpocket,plinder:1y2w__1__1.A__1.E:1y2w__1__1.E,external_val,1.0000000000,0.0780423280,0.9219576720
fpocket,plinder:1y2w__1__2.A__2.E:1y2w__1__2.E,external_val,1.0000000000,0.1332417582,0.8667582418
fpocket,plinder:1y2x__1__1.A__1.I:1y2x__1__1.I,external_val,1.0000000000,0.1706349206,0.8293650794
fpocket,plinder:1zdg__1__2.A__2.B_2.D:1zdg__1__2.D,external_val,0.9924242424,0.0800889300,0.9123353124
fpocket,plinder:2e1t__2__1.B__1.D:2e1t__2__1.D,external_val,0.9877124183,0.0443602694,0.9433521489
fpocket,plinder:2e5a__1__1.A__1.E:2e5a__1__1.E,external_val,1.0000000000,0.1729059094,0.8270940906
fpocket,plinder:2fmn__1__2.B__2.F_2.G:2fmn__1__2.F,external_val,0.9844444444,0.0582132326,0.9262312118
fpocket,plinder:2iyi__1__1.B__1.E:2iyi__1__1.E,external_val,0.9821428571,0.3500000000,0.6321428571
fpocket,plinder:2plm__1__1.A__1.B_1.C:2plm__1__1.C,external_val,0.8670995671,0.2081895332,0.6589100339
fpocket,plinder:2qm7__1__1.A__1.E:2qm7__1__1.E,external_val,1.0000000000,0.2355079457,0.7644920543
fpocket,plinder:2vck__1__1.A__1.E:2vck__1__1.E,external_val,0.8676736227,0.4777777778,0.3898958449
fpocket,plinder:2x9j__2__1.B__1.D:2x9j__2__1.D,external_val,0.8930816098,0.5226470588,0.3704345510
fpocket,plinder:2y4l__1__1.A__1.C_1.D_1.E:2y4l__1__1.D,external_val,0.9861111111,0.0210526316,0.9650584795
fpocket,plinder:2y4l__2__1.B__1.I_1.J:2y4l__2__1.J,external_val,0.9093537415,0.1944444444,0.7149092971
fpocket,plinder:3afh__1__1.A__1.B:3afh__1__1.B,external_val,1.0000000000,0.3846153846,0.6153846154
fpocket,plinder:3cj9__1__1.A__1.D:3cj9__1__1.D,external_val,0.9266666667,0.0172864868,0.9093801799
fpocket,plinder:3cja__1__1.A__1.B_1.C:3cja__1__1.C,external_val,0.9707362082,0.0294219040,0.9413143042
fpocket,plinder:3dzv__1__3.A__3.E:3dzv__1__3.E,external_val,0.9821428571,0.0941015329,0.8880413242
fpocket,plinder:3etg__1__1.A__1.I:3etg__1__1.I,external_val,0.9888888889,0.4576957197,0.5311931692
fpocket,plinder:3i3q__2__1.B__1.E_1.F:3i3q__2__1.E,external_val,0.8909171076,0.2727272727,0.6181898349
fpocket,plinder:3pju__1__2.A__2.B:3pju__1__2.B,external_val,0.9288991101,0.0940170940,0.8348820161
fpocket,plinder:3rog__1__1.A__1.B:3rog__1__1.B,external_val,0.8850000000,0.2083333333,0.6766666667
fpocket,plinder:3rsb__1__1.A__1.E:3rsb__1__1.E,external_val,0.9502840909,0.1206130310,0.8296710599
fpocket,plinder:3rzp__1__1.A__1.E:3rzp__1__1.E,external_val,0.9484126984,0.4615384615,0.4868742369
fpocket,plinder:3rzp__1__1.B__1.G:3rzp__1__1.G,external_val,1.0000000000,0.2413793103,0.7586206897
fpocket,plinder:3rzp__2__1.D__1.I:3rzp__2__1.I,external_val,0.9150793651,0.4000000000,0.5150793651
fpocket,plinder:3se5__1__1.C__1.L_1.N:3se5__1__1.L,external_val,1.0000000000,0.4074074074,0.5925925926
fpocket,plinder:3svw__1__1.A__1.K:3svw__1__1.K,external_val,0.9859693878,0.4242424242,0.5617269635
fpocket,plinder:3svw__1__1.B__1.P:3svw__1__1.P,external_val,0.9838264300,0.1540608514,0.8297655786
fpocket,plinder:3svw__1__1.B__1.Q:3svw__1__1.Q,external_val,0.9945054945,0.3939393939,0.6005661006
fpocket,plinder:3ubm__2__1.D__1.H:3ubm__2__1.H,external_val,0.9722550177,0.0362043500,0.9360506677
fpocket,plinder:3wbb__1__2.A__2.H:3wbb__1__2.H,external_val,0.9285204991,0.0670898171,0.8614306820
fpocket,plinder:4cj6__1__1.A__1.B:4cj6__1__1.B,external_val,0.9680884832,0.6666666667,0.3014218165
fpocket,plinder:4d47__2__1.B__1.K_1.L:4d47__2__1.L,external_val,0.9166666667,0.1153846154,0.8012820513
fpocket,plinder:4f0s__1__1.A__1.B:4f0s__1__1.B,external_val,0.8875000000,0.2500000000,0.6375000000
fpocket,plinder:4fws__1__2.A__2.F:4fws__1__2.F,external_val,0.9085858586,0.0978265975,0.8107592611
fpocket,plinder:4g88__2__1.D__1.L:4g88__2__1.L,external_val,1.0000000000,0.6363636364,0.3636363636
fpocket,plinder:4gol__1__1.A__1.D:4gol__1__1.D,external_val,0.7440476190,0.2857142857,0.4583333333
fpocket,plinder:4gom__1__1.A__1.D:4gom__1__1.D,external_val,1.0000000000,0.2666666667,0.7333333333
fpocket,plinder:4hh0__1__1.A__1.C:4hh0__1__1.C,external_val,1.0000000000,0.0208877285,0.9791122715
fpocket,plinder:4hoh__1__1.A__1.E:4hoh__1__1.E,external_val,1.0000000000,0.2226851852,0.7773148148
fpocket,plinder:4jk3__1__1.A__1.C_1.E:4jk3__1__1.C,external_val,0.9500000000,0.1395486928,0.8104513072
fpocket,plinder:4o8a__1__1.A__1.B_1.C:4o8a__1__1.B,external_val,0.9807017544,0.2842868120,0.6964149424
fpocket,plinder:4owu__1__1.A__1.C_1.D_1.E:4owu__1__1.E,external_val,1.0000000000,0.0345821326,0.9654178674
fpocket,plinder:4rdy__1__1.A__1.C_1.D_1.E:4rdy__1__1.E,external_val,0.9910714286,0.5180187460,0.4730526826
fpocket,plinder:4xt7__1__1.A__1.B_1.C_1.D:4xt7__1__1.B,external_val,0.9786119711,0.4832949309,0.4953170402
fpocket,plinder:5icl__1__1.A__1.C:5icl__1__1.C,external_val,0.9047619048,0.1162808628,0.7884810419
fpocket,plinder:5k7u__1__1.A__1.C:5k7u__1__1.C,external_val,1.0000000000,0.3729166667,0.6270833333
fpocket,plinder:5kod__2__1.B__1.G_1.H:5kod__2__1.G,external_val,0.9284090909,0.1066666667,0.8217424242
fpocket,plinder:5kod__4__1.D__1.M_1.N:5kod__4__1.N,external_val,1.0000000000,0.0650219298,0.9349780702
fpocket,plinder:5mug__1__24.A__24.B:5mug__1__24.B,external_val,0.9804748823,0.4375000000,0.5429748823
fpocket,plinder:5s4c__1__1.A__1.C:5s4c__1__1.C,external_val,1.0000000000,0.0204081633,0.9795918367
fpocket,plinder:5suk__1__1.B__1.H:5suk__1__1.H,external_val,0.9526289683,0.0121400575,0.9404889108
fpocket,plinder:5sxg__2__1.B__1.G_1.H:5sxg__2__1.H,external_val,0.9305555556,0.5454545455,0.3851010101
fpocket,plinder:5trd__1__1.A__1.E_1.F:5trd__1__1.E,external_val,0.9945054945,0.5000000000,0.4945054945
fpocket,plinder:5trd__1__1.B__1.G_1.H:5trd__1__1.G,external_val,0.9866452991,0.4000000000,0.5866452991
fpocket,plinder:5us6__1__1.C__1.T_1.U:5us6__1__1.U,external_val,1.0000000000,0.3750000000,0.6250000000
fpocket,plinder:5ux7__1__1.C__1.I:5ux7__1__1.I,external_val,0.9860139860,0.0497117109,0.9363022751
fpocket,plinder:5v9h__1__1.A__1.D_1.F_1.H_1.I:5v9h__1__1.H,external_val,0.9629370629,0.3013803704,0.6615566925
fpocket,plinder:5v9h__1__1.A__1.D_1.F_1.H_1.I:5v9h__1__1.I,external_val,0.9617346939,0.1789765627,0.7827581312
fpocket,plinder:5w1c__1__1.A__1.E_1.F:5w1c__1__1.F,external_val,0.8134920635,0.0787558685,0.7347361949
fpocket,plinder:5xkd__1__1.B__1.F:5xkd__1__1.F,external_val,0.9909090909,0.0346358097,0.9562732812
fpocket,plinder:5xkd__1__1.C__1.G:5xkd__1__1.G,external_val,0.9777495232,0.0351497847,0.9425997385
fpocket,plinder:5xv2__1__2.A__2.B:5xv2__1__2.B,external_val,1.0000000000,0.3056607755,0.6943392245
fpocket,plinder:5y2u__1__1.A__1.D:5y2u__1__1.D,external_val,1.0000000000,0.0295358650,0.9704641350
fpocket,plinder:5y2u__1__1.B__1.E_1.F:5y2u__1__1.E,external_val,1.0000000000,0.0558343290,0.9441656710
fpocket,plinder:5ya1__1__1.A__1.E:5ya1__1__1.E,external_val,0.9761904762,0.2857142857,0.6904761905
fpocket,plinder:5yft__1__2.A__2.D:5yft__1__2.D,external_val,0.9935897436,0.4739583333,0.5196314103
fpocket,plinder:5yft__1__2.B__2.J:5yft__1__2.J,external_val,1.0000000000,0.5207378828,0.4792621172
fpocket,plinder:5yft__1__2.C__2.N:5yft__1__2.N,external_val,1.0000000000,0.5217391304,0.4782608696
fpocket,plinder:5zyr__1__1.B__1.E:5zyr__1__1.E,external_val,0.9901360544,0.3891625616,0.6009734928
fpocket,plinder:6b5e__1__1.B__1.Q:6b5e__1__1.Q,external_val,1.0000000000,0.1339771340,0.8660228660
fpocket,plinder:6b5k__1__2.B__2.K:6b5k__1__2.K,external_val,1.0000000000,0.0378968254,0.9621031746
fpocket,plinder:6czm__1__1.B__1.I:6czm__1__1.I,external_val,0.9617346939,0.0277869307,0.9339477632
fpocket,plinder:6ie2__2__1.B__1.K_1.L:6ie2__2__1.L,external_val,0.8595238095,0.1063492063,0.7531746032
fpocket,plinder:6ioh__1__1.B__1.D:6ioh__1__1.D,external_val,0.8357142857,0.3750000000,0.4607142857
fpocket,plinder:6p7e__1__1.A__1.T:6p7e__1__1.T,external_val,1.0000000000,0.0084373999,0.9915626001
fpocket,plinder:6p7e__2__1.B__1.Y:6p7e__2__1.Y,external_val,1.0000000000,0.0057388809,0.9942611191
fpocket,plinder:7ce9__1__1.A__1.Q_1.R:7ce9__1__1.R,external_val,0.9459876543,0.2368421053,0.7091455491
fpocket,plinder:7f4p__1__1.B__1.C:7f4p__1__1.C,external_val,1.0000000000,0.2142857143,0.7857142857
fpocket,plinder:7k1l__1__1.A__1.C_1.D:7k1l__1__1.C,external_val,1.0000000000,0.1219512195,0.8780487805
fpocket,plinder:7npa__1__1.B__1.SA:7npa__1__1.SA,external_val,0.9775934401,0.0489695112,0.9286239290
fpocket,plinder:7nsn__1__1.A__1.C_1.G:7nsn__1__1.G,external_val,0.8303571429,0.0069232701,0.8234338728
fpocket,plinder:7u5f__1__1.A__1.E:7u5f__1__1.E,external_val,0.9797979798,0.1972683343,0.7825296455
fpocket,plinder:8cp9__1__1.A__1.C_1.D:8cp9__1__1.C,external_val,0.9500171837,0.2384492975,0.7115678862
fpocket,plinder:8cpb__1__1.B__1.H:8cpb__1__1.H,external_val,0.9436868687,0.1875000000,0.7561868687
fpocket,plinder:8dko__1__1.A__1.C_1.D:8dko__1__1.C,external_val,0.9726645768,0.5039930556,0.4686715212
fpocket,plinder:8dko__1__1.A__1.C_1.D:8dko__1__1.D,external_val,0.9761904762,0.1666666667,0.8095238095
fpocket,plinder:8dkq__1__1.A__1.C_1.D:8dkq__1__1.C,external_val,0.9762339999,0.5111928105,0.4650411895
fpocket,plinder:8i2r__1__1.A__1.D:8i2r__1__1.D,external_val,0.7100000000,0.1388888889,0.5711111111
fpocket,plinder:8iii__1__1.A__1.C:8iii__1__1.C,external_val,1.0000000000,0.1562500000,0.8437500000
fpocket,plinder:8j1c__1__1.A__1.E:8j1c__1__1.E,external_val,0.9587703963,0.3088888889,0.6498815074
