sample_id,dataset,max_train_tanimoto,similarity_bin,graph_ap_laign,graph_ap_fixed_fusion,graph_ap_distance,ccd_unseen,ringless,scaffold_seen,scaffold_unseen,structure_resolved
plinder:1afb__1__1.A__1.D_1.F:1afb__1__1.D,PLINDER,1.0,"[0.70,1.00]",0.8541666666666666,0.8875,0.7291666666666666,False,False,True,False,True
plinder:1b5d__1__1.A_1.B__1.D:1b5d__1__1.D,PLINDER,1.0,"[0.70,1.00]",0.97979797979798,0.97979797979798,0.8691718775052109,False,False,True,False,True
plinder:1bcj__1__1.B__1.I_1.K:1bcj__1__1.I,PLINDER,1.0,"[0.70,1.00]",0.8666666666666667,0.5888888888888889,0.5555555555555556,False,False,True,False,True
plinder:1ci0__1__1.A_1.B__1.D:1ci0__1__1.D,PLINDER,1.0,"[0.70,1.00]",0.9695730363151178,0.9796597633136096,0.9315514613591536,False,False,True,False,True
plinder:1dku__2__1.B_3.A_3.B__3.E:1dku__2__3.E,PLINDER,1.0,"[0.70,1.00]",0.9769230769230768,0.9384615384615383,0.7626911976911976,False,False,True,False,True
plinder:1fj4__1__1.B__1.F:1fj4__1__1.F,PLINDER,0.6756756756756757,"[0.50,0.70)",1.0,1.0,0.3278832278832279,True,False,True,False,True
plinder:1g4s__2__1.B__1.F_1.G_1.H:1g4s__2__1.G,PLINDER,1.0,"[0.70,1.00]",0.961771561771562,0.9342069546615002,0.7436598754780573,False,False,True,False,True
plinder:1g4t__2__1.B__1.F_1.G_1.H:1g4t__2__1.G,PLINDER,0.6290322580645161,"[0.50,0.70)",0.9617346938775508,0.8329931972789115,0.6195378151260504,True,False,True,False,True
plinder:1g60__1__1.A__1.D:1g60__1__1.D,PLINDER,1.0,"[0.70,1.00]",1.0,0.9686586141131596,0.7880637039727947,False,False,True,False,True
plinder:1g77__1__1.A_2.A__2.D_2.E:1g77__1__2.D,PLINDER,1.0,"[0.70,1.00]",0.9999999999999998,0.9885883347421808,0.983826429980276,False,False,True,False,True
plinder:1g77__1__1.A_2.A__2.D_2.E:1g77__1__2.E,PLINDER,1.0,"[0.70,1.00]",0.95,0.6791666666666667,0.8041666666666667,False,False,True,False,True
plinder:1gm9__1__1.A_1.B__1.M_1.O:1gm9__1__1.O,PLINDER,0.6111111111111112,"[0.50,0.70)",1.0,1.0,0.9007936507936508,True,False,True,False,True
plinder:1gzf__3__1.C__1.I_1.J:1gzf__3__1.I,PLINDER,0.410958904109589,"[0.30,0.50)",0.9166666666666666,0.95,0.5821428571428572,True,False,False,True,True
plinder:1gzf__3__1.C__1.I_1.J:1gzf__3__1.J,PLINDER,1.0,"[0.70,1.00]",0.959375,0.959375,0.975,False,False,True,False,True
plinder:1h36__1__2.B__2.G:1h36__1__2.G,PLINDER,0.3676470588235294,"[0.30,0.50)",0.7980122655122655,0.890588023088023,0.5735732323232323,True,False,False,True,True
plinder:1h3c__1__2.B__2.G:1h3c__1__2.G,PLINDER,0.5147058823529411,"[0.50,0.70)",0.9935897435897436,0.9880952380952382,0.7192904317904318,True,False,False,True,True
plinder:1h79__1__1.A_2.A__2.B_2.C:1h79__1__2.B,PLINDER,1.0,"[0.70,1.00]",1.0,1.0,0.9317956349206348,False,False,True,False,True
plinder:1h7a__1__1.A_2.A__2.B_2.D:1h7a__1__2.B,PLINDER,1.0,"[0.70,1.00]",0.9861111111111112,0.9861111111111112,0.9526289682539684,False,False,True,False,True
plinder:1ia9__1__1.B__1.G:1ia9__1__1.G,PLINDER,1.0,"[0.70,1.00]",0.8921130952380952,0.8635912698412698,0.67260101010101,False,False,True,False,True
plinder:1jep__5__1.A_2.A__1.E_1.F:1jep__5__1.F,PLINDER,0.7297297297297297,"[0.70,1.00]",1.0,1.0,0.8214285714285714,True,False,True,False,True
plinder:1ka1__1__1.A__1.B_1.C_1.D:1ka1__1__1.D,PLINDER,1.0,"[0.70,1.00]",0.9659090909090908,0.9659090909090908,0.6750811688311689,False,False,True,False,True
plinder:1kv3__2__1.B_1.F__1.L:1kv3__2__1.L,PLINDER,1.0,"[0.70,1.00]",0.8956845238095239,0.9415178571428572,0.9659090909090908,False,False,True,False,True
plinder:1l4u__1__1.A__1.C_1.J:1l4u__1__1.J,PLINDER,1.0,"[0.70,1.00]",0.9888888888888892,0.9888888888888892,0.9888888888888892,False,False,True,False,True
plinder:1l4y__1__1.A__1.B_1.H:1l4y__1__1.H,PLINDER,1.0,"[0.70,1.00]",0.9888888888888892,0.9888888888888892,1.0000000000000002,False,False,True,False,True
plinder:1lhu__1__2.A__2.C:1lhu__1__2.C,PLINDER,1.0,"[0.70,1.00]",0.9575757575757576,0.8363235529902198,0.5805666555666555,False,False,True,False,True
plinder:1lhv__1__2.A__2.D:1lhv__1__2.D,PLINDER,0.2898550724637681,"[0.00,0.30)",1.0,1.0,0.257070707070707,True,False,True,False,True
plinder:1lor__1__1.A_2.A__1.B:1lor__1__1.B,PLINDER,1.0,"[0.70,1.00]",0.9909090909090909,0.9909090909090909,0.8087698412698412,False,False,True,False,True
plinder:1los__1__1.A_1.B__1.E:1los__1__1.E,PLINDER,1.0,"[0.70,1.00]",0.9617346938775508,0.9617346938775508,0.7407029478458049,False,False,True,False,True
plinder:1m4i__1__1.A__1.D:1m4i__1__1.D,PLINDER,1.0,"[0.70,1.00]",0.7287037037037037,0.6952020202020202,0.6627344877344877,False,False,True,False,True
plinder:1nfs__1__1.A__1.D_1.E:1nfs__1__1.E,PLINDER,0.5517241379310345,"[0.50,0.70)",1.0,1.0,0.8364448051948052,True,True,False,False,True
plinder:1nme__2__3.A_4.A_4.B__4.C_4.D:1nme__2__4.D,PLINDER,0.4210526315789473,"[0.30,0.50)",1.0,1.0,0.885,True,False,True,False,True
plinder:1nup__1__1.A_1.B__1.E:1nup__1__1.E,PLINDER,1.0,"[0.70,1.00]",0.9666666666666668,0.9666666666666668,0.6595238095238095,False,False,True,False,True
plinder:1nx9__1__1.A__1.E:1nx9__1__1.E,PLINDER,1.0,"[0.70,1.00]",0.875,0.6708333333333333,0.7361111111111112,False,False,True,False,True
plinder:1o94__1__1.C__1.M:1o94__1__1.M,PLINDER,1.0,"[0.70,1.00]",1.0,1.0,0.7715087381754049,False,False,True,False,True
plinder:1ofd__1__1.A__1.C_1.E:1ofd__1__1.C,PLINDER,1.0,"[0.70,1.00]",0.9705128205128206,0.957900432900433,0.7695659603554341,False,False,True,False,True
plinder:1ofd__1__1.A__1.C_1.E:1ofd__1__1.E,PLINDER,1.0,"[0.70,1.00]",1.0000000000000002,1.0000000000000002,0.9575757575757576,False,True,False,False,True
plinder:1ogp__1__1.A__1.J:1ogp__1__1.J,PLINDER,,unresolved,0.9596499756927566,0.9631641086186542,0.5756607427660059,,,,,False
plinder:1oik__1__2.A__2.C_2.D_2.E:1oik__1__2.C,PLINDER,0.46875,"[0.30,0.50)",1.0,1.0,1.0,True,True,False,False,True
plinder:1oik__1__2.A__2.C_2.D_2.E:1oik__1__2.D,PLINDER,1.0,"[0.70,1.00]",1.0,0.8766666666666667,0.6476190476190476,False,True,False,False,True
plinder:1omz__2__1.A__1.C_1.D:1omz__2__1.D,PLINDER,1.0,"[0.70,1.00]",0.9583579881656804,0.947567389875082,0.9182134329907607,False,False,True,False,True
plinder:1on6__1__1.A__1.C_1.D:1on6__1__1.D,PLINDER,1.0,"[0.70,1.00]",0.9866452991452992,1.0,0.8955464130096483,False,False,True,False,True
plinder:1pj6__1__2.A__2.C:1pj6__1__2.C,PLINDER,1.0,"[0.70,1.00]",0.934065934065934,0.8147058823529412,0.7304782519068234,False,False,True,False,True
plinder:1pwu__2__1.B__1.E_1.F:1pwu__2__1.F,PLINDER,1.0,"[0.70,1.00]",0.9166666666666669,0.9166666666666666,0.6339285714285714,False,False,True,False,True
plinder:1q91__1__1.A__1.B_1.C_1.D:1q91__1__1.D,PLINDER,0.4696969696969697,"[0.30,0.50)",1.0,1.0,0.97979797979798,True,False,False,True,True
plinder:1q92__1__1.A__1.C:1q92__1__1.C,PLINDER,0.4561403508771929,"[0.30,0.50)",0.9722222222222224,0.9888888888888888,0.7890211640211642,True,False,False,True,True
plinder:1qmg__2__1.D__1.R:1qmg__2__1.R,PLINDER,1.0,"[0.70,1.00]",0.941919986618129,0.9146053636765712,0.8845617199564567,False,False,True,False,True
plinder:1qnf__1__1.A__1.C:1qnf__1__1.C,PLINDER,1.0,"[0.70,1.00]",0.9999999999999998,0.9945054945054944,0.9723443223443222,False,False,True,False,True
plinder:1r34__1__1.A__1.C_1.D:1r34__1__1.D,PLINDER,0.4193548387096774,"[0.30,0.50)",0.7709090909090908,0.6490476190476191,0.3714646464646464,True,False,False,True,True
plinder:1r6w__1__1.A__1.B_1.C:1r6w__1__1.C,PLINDER,0.325,"[0.30,0.50)",1.0,1.0,0.7853535353535352,True,False,True,False,True
plinder:1rlz__1__1.A_2.A_3.A_4.A__2.B_3.B:1rlz__1__2.B,PLINDER,1.0,"[0.70,1.00]",0.9796597633136096,0.9522349445426368,0.7381854225352678,False,False,True,False,True
plinder:1rlz__1__1.A_2.A_3.A_4.A__2.B_3.B:1rlz__1__3.B,PLINDER,1.0,"[0.70,1.00]",0.9307611370111368,0.7712724775224775,0.5633071686941655,False,False,True,False,True
plinder:1s2g__1__1.A_2.C__1.D:1s2g__1__1.D,PLINDER,1.0,"[0.70,1.00]",0.7999999999999999,0.7996031746031745,0.4214858670741024,False,False,True,False,True
plinder:1s4m__2__1.B__1.E:1s4m__2__1.E,PLINDER,1.0,"[0.70,1.00]",1.0,1.0,0.8468614718614719,False,False,True,False,True
plinder:1tfw__2__1.J__1.M_1.N:1tfw__2__1.N,PLINDER,1.0,"[0.70,1.00]",0.8711111111111112,1.0,0.7592857142857143,False,False,True,False,True
plinder:1thz__1__1.A_1.B__1.D:1thz__1__1.D,PLINDER,0.2957746478873239,"[0.00,0.30)",0.953063098517644,0.9456876456876456,0.9504495504495504,True,False,False,True,True
plinder:1u8v__1__1.A_1.B__1.F:1u8v__1__1.F,PLINDER,1.0,"[0.70,1.00]",0.9698826173826172,0.8746180671180671,0.7931925241367966,False,False,True,False,True
plinder:1uj5__2__2.A__2.B:1uj5__2__2.B,PLINDER,1.0,"[0.70,1.00]",0.9833333333333332,0.8987698412698412,0.7044977244977244,False,True,False,False,True
plinder:1v4s__1__1.A__1.D:1v4s__1__1.D,PLINDER,0.2567567567567567,"[0.00,0.30)",1.0,1.0,0.7946127946127945,True,False,False,True,True
plinder:1vhn__1__1.A__1.B_1.E:1vhn__1__1.E,PLINDER,1.0,"[0.70,1.00]",0.9119555444555444,0.9139285714285712,0.9198412698412698,False,False,True,False,True
plinder:1w19__1__2.A_2.E__2.EA:1w19__1__2.EA,PLINDER,0.4736842105263157,"[0.30,0.50)",0.9821780783319244,0.939496614496614,0.7912986308497145,True,False,True,False,True
plinder:1w19__1__2.C_2.D__2.T:1w19__1__2.T,PLINDER,0.4736842105263157,"[0.30,0.50)",0.9614769489769492,0.933661014911015,0.9176421073479898,True,False,True,False,True
plinder:1w2c__2__1.B__1.H_1.I_1.J:1w2c__2__1.H,PLINDER,1.0,"[0.70,1.00]",0.9761904761904762,0.8486111111111111,0.9761904761904762,False,False,True,False,True
plinder:1w2c__2__1.B__1.H_1.I_1.J:1w2c__2__1.I,PLINDER,1.0,"[0.70,1.00]",1.0,1.0,0.968253968253968,False,False,True,False,True
plinder:1w2x__1__1.A_2.A__2.D:1w2x__1__2.D,PLINDER,0.3209876543209876,"[0.30,0.50)",0.7980122655122655,0.9063455988455988,0.870962370962371,True,False,False,True,True
plinder:1wda__1__2.A__2.J:1wda__1__2.J,PLINDER,0.4888888888888889,"[0.30,0.50)",0.976190476190476,0.976190476190476,0.8541666666666665,True,False,True,False,True
plinder:1wk9__1__1.A__1.B:1wk9__1__1.B,PLINDER,0.873015873015873,"[0.70,1.00]",0.982142857142857,0.968253968253968,0.9367346938775508,True,False,True,False,True
plinder:1wop__1__1.A__1.B:1wop__1__1.B,PLINDER,1.0,"[0.70,1.00]",0.964967860422406,0.8726518431063885,0.7921037296037297,False,False,True,False,True
plinder:1wxy__1__1.A__1.C:1wxy__1__1.C,PLINDER,0.3962264150943396,"[0.30,0.50)",0.8163265306122449,0.7591836734693878,0.5564935064935065,True,False,False,True,True
plinder:1x1i__1__1.A__1.B:1x1i__1__1.B,PLINDER,1.0,"[0.70,1.00]",0.8761904761904762,0.8583333333333333,0.6544444444444445,True,False,True,False,True
plinder:1xpg__2__1.B__1.K:1xpg__2__1.K,PLINDER,1.0,"[0.70,1.00]",0.9999999999999998,0.9999999999999998,0.9325396825396824,False,False,True,False,True
plinder:1xr2__1__1.A__1.D:1xr2__1__1.D,PLINDER,1.0,"[0.70,1.00]",0.9999999999999998,0.9999999999999998,0.982142857142857,False,False,True,False,True
plinder:1xuo__1__1.A__1.D:1xuo__1__1.D,PLINDER,0.2826086956521739,"[0.00,0.30)",1.0,1.0,0.7783110408110407,True,False,False,True,True
plinder:1ywq__1__1.A_2.A__2.B:1ywq__1__2.B,PLINDER,1.0,"[0.70,1.00]",1.0,1.0,0.907623311032402,False,False,True,False,True
plinder:1z2i__1__1.A_1.B__1.E:1z2i__1__1.E,PLINDER,1.0,"[0.70,1.00]",0.9909090909090909,0.941540404040404,0.8075641025641024,False,False,True,False,True
plinder:1z82__1__1.A_1.B__1.C_1.J:1z82__1__1.C,PLINDER,1.0,"[0.70,1.00]",0.9294884100313964,0.9365967365967364,0.5478557312252964,False,False,True,False,True
plinder:1z82__1__1.A_1.B__1.C_1.J:1z82__1__1.J,PLINDER,1.0,"[0.70,1.00]",0.9280303030303032,0.9293209876543213,0.626046176046176,False,True,False,False,True
plinder:1z82__1__1.A_1.B__1.D_1.I:1z82__1__1.D,PLINDER,1.0,"[0.70,1.00]",1.0,1.0,0.5541666666666666,False,True,False,False,True
plinder:1z82__1__1.A_1.B__1.D_1.I:1z82__1__1.I,PLINDER,1.0,"[0.70,1.00]",0.9716303579461474,0.944360902255639,0.8414487364487364,False,False,True,False,True
plinder:1zxv__1__1.A__1.C_1.D:1zxv__1__1.D,PLINDER,1.0,"[0.70,1.00]",1.0,1.0,0.7,False,False,True,False,True
plinder:2bif__1__1.A__1.F_1.H:2bif__1__1.H,PLINDER,1.0,"[0.70,1.00]",0.9206845238095238,0.9526289682539684,1.0,False,False,True,False,True
plinder:2bii__1__2.A__2.I:2bii__1__2.I,PLINDER,,unresolved,0.986013986013986,0.9708624708624708,0.7045306001188354,,,,,False
plinder:2c92__1__1.B_1.C__1.J:2c92__1__1.J,PLINDER,0.4576271186440678,"[0.30,0.50)",0.9935897435897436,0.9866452991452992,0.9521464646464648,True,False,True,False,True
plinder:2c94__1__1.A_1.E__1.X:2c94__1__1.X,PLINDER,0.4576271186440678,"[0.30,0.50)",0.9999999999999998,0.9945054945054944,0.9676434676434676,True,False,True,False,True
plinder:2cc7__1__1.A_2.A_4.A_8.A__1.H_8.H:2cc7__1__1.H,PLINDER,1.0,"[0.70,1.00]",1.0,1.0,1.0,False,False,True,False,True
plinder:2cc7__1__1.A_2.A_4.A_8.A__1.H_8.H:2cc7__1__8.H,PLINDER,1.0,"[0.70,1.00]",1.0,1.0,0.7321428571428572,False,False,True,False,True
plinder:2ccc__1__4.A_5.A_6.A_9.A__4.F_9.F:2ccc__1__4.F,PLINDER,1.0,"[0.70,1.00]",1.0,1.0,0.7986111111111112,False,False,True,False,True
plinder:2ccc__1__4.A_5.A_6.A_9.A__4.F_9.F:2ccc__1__9.F,PLINDER,1.0,"[0.70,1.00]",1.0,1.0,0.7986111111111112,False,False,True,False,True
plinder:2cfm__1__1.A__1.C:2cfm__1__1.C,PLINDER,1.0,"[0.70,1.00]",0.9526289682539684,1.0,0.7436011904761906,False,False,True,False,True
plinder:2cix__1__1.A__1.E_1.F_1.S:2cix__1__1.S,PLINDER,0.2777777777777778,"[0.00,0.30)",1.0,1.0,1.0,True,False,False,True,True
plinder:2dwp__1__1.A__1.B_1.D_1.E:2dwp__1__1.B,PLINDER,1.0,"[0.70,1.00]",1.0,1.0,0.8037037037037037,False,False,True,False,True
plinder:2dwp__1__1.A__1.B_1.D_1.E:2dwp__1__1.E,PLINDER,1.0,"[0.70,1.00]",0.9924242424242424,0.9924242424242424,0.7866082150173058,False,False,True,False,True
plinder:2e82__1__1.B__1.G_1.H:2e82__1__1.G,PLINDER,1.0,"[0.70,1.00]",1.0,1.0,0.7606914041840512,False,False,True,False,True
plinder:2e82__1__1.B__1.G_1.H:2e82__1__1.H,PLINDER,0.4473684210526316,"[0.30,0.50)",0.968253968253968,0.8395485466914037,0.9129251700680272,True,False,True,False,True
plinder:2fqw__1__1.A__1.B:2fqw__1__1.B,PLINDER,1.0,"[0.70,1.00]",0.982142857142857,0.9093537414965986,0.9999999999999998,False,False,True,False,True
plinder:2gfj__1__1.A__1.C_1.D_1.I:2gfj__1__1.I,PLINDER,0.3157894736842105,"[0.30,0.50)",0.9626543209876544,0.9467813051146384,0.9500000000000002,True,False,False,True,True
plinder:2gfk__1__1.A__1.C_1.D_1.G:2gfk__1__1.G,PLINDER,0.4,"[0.30,0.50)",0.9765432098765432,0.9674523007856342,0.9017195767195768,True,False,False,True,True
plinder:2goo__1__1.C__1.H:2goo__1__1.H,PLINDER,1.0,"[0.70,1.00]",1.0,1.0,0.95,True,False,True,False,True
plinder:2hmv__1__4.A_4.B__4.C:2hmv__1__4.C,PLINDER,1.0,"[0.70,1.00]",0.9861111111111112,0.9861111111111112,0.6644038865546218,False,False,True,False,True
plinder:2hmw__1__4.A_4.B__4.D:2hmw__1__4.D,PLINDER,1.0,"[0.70,1.00]",0.9866452991452992,0.9666666666666666,0.8408714243273067,False,False,True,False,True
plinder:2hxd__1__1.A_3.A__1.B_1.C:2hxd__1__1.C,PLINDER,1.0,"[0.70,1.00]",0.9674927636466096,0.9674927636466096,0.9568376068376064,False,False,True,False,True
plinder:2i7d__1__1.A__1.C_1.D_1.E:2i7d__1__1.E,PLINDER,1.0,"[0.70,1.00]",0.8734126984126983,0.915079365079365,0.7842592592592592,False,False,True,False,True
plinder:2ica__1__1.A__1.B:2ica__1__1.B,PLINDER,0.2842105263157894,"[0.00,0.30)",0.8399999999999999,0.6620481927710842,0.5524118738404453,True,False,False,True,True
plinder:2iut__1__1.A_1.B__1.E_1.F:2iut__1__1.F,PLINDER,1.0,"[0.70,1.00]",0.9217286501377412,0.9215468874559783,0.7056499056499056,False,False,True,False,True
plinder:2j07__1__1.A__1.C:2j07__1__1.C,PLINDER,1.0,"[0.70,1.00]",1.0000000000000002,1.0000000000000002,0.9626543209876544,False,False,True,False,True
plinder:2jbs__1__1.A_1.D__1.H:2jbs__1__1.H,PLINDER,1.0,"[0.70,1.00]",1.0,1.0,0.9254656959202414,False,False,True,False,True
plinder:2pg2__1__1.B__1.H:2pg2__1__1.H,PLINDER,0.2982456140350877,"[0.00,0.30)",0.9999999999999998,0.9999999999999998,0.5162397126682841,True,False,False,True,True
plinder:2pnc__1__1.B__1.O:2pnc__1__1.O,PLINDER,0.2682926829268293,"[0.00,0.30)",0.6684782608695652,0.4828963230861965,0.9166666666666666,True,False,False,True,True
plinder:2q3j__1__1.A__1.C:2q3j__1__1.C,PLINDER,0.3333333333333333,"[0.30,0.50)",0.9769230769230768,1.0,0.5670833333333334,True,False,False,True,True
plinder:2qcx__1__1.B__1.D:2qcx__1__1.D,PLINDER,1.0,"[0.70,1.00]",1.0,1.0,0.7433333333333334,False,False,True,False,True
plinder:2qvh__1__1.B__1.E_1.F:2qvh__1__1.F,PLINDER,1.0,"[0.70,1.00]",0.9622222222222222,0.9558119658119658,0.6605860805860806,False,False,True,False,True
plinder:2uag__1__1.A__1.B_1.D:2uag__1__1.D,PLINDER,1.0,"[0.70,1.00]",0.9576330532212886,0.9543650793650794,0.8643353174603176,False,False,True,False,True
plinder:2v0n__1__1.A_1.B__1.Q_1.R:2v0n__1__1.Q,PLINDER,1.0,"[0.70,1.00]",0.8828362995029662,0.7945156695156694,0.8288766788766788,False,False,True,False,True
plinder:2v91__1__1.A__1.C:2v91__1__1.C,PLINDER,1.0,"[0.70,1.00]",0.9765432098765434,0.9535634118967452,0.5440756774090107,False,False,True,False,True
plinder:2vfs__1__1.A__1.B_1.C:2vfs__1__1.C,PLINDER,1.0,"[0.70,1.00]",0.8972222222222221,0.8972222222222221,0.6968253968253969,False,True,False,False,True
plinder:2vft__1__1.A__1.B_1.C:2vft__1__1.C,PLINDER,1.0,"[0.70,1.00]",0.9266666666666664,0.9266666666666664,0.7544444444444445,False,True,False,False,True
plinder:2vkd__1__1.A__1.D_1.E:2vkd__1__1.E,PLINDER,1.0,"[0.70,1.00]",0.9456922162804516,0.9179670479302834,0.5682021127164315,False,False,True,False,True
plinder:2vkh__1__1.A__1.D_1.E:2vkh__1__1.E,PLINDER,1.0,"[0.70,1.00]",0.9705128205128206,0.9880952380952382,0.8970119613501967,False,False,True,False,True
plinder:2vxk__1__1.A_2.A__1.B:2vxk__1__1.B,PLINDER,1.0,"[0.70,1.00]",0.9909090909090909,1.0,0.8480122655122654,False,False,True,False,True
plinder:2w0w__1__3.A__3.B:2w0w__1__3.B,PLINDER,0.29,"[0.00,0.30)",1.0,0.9841597796143252,0.5445463560894183,True,False,False,True,True
plinder:2wbv__2__1.C_1.F__1.R:2wbv__2__1.R,PLINDER,1.0,"[0.70,1.00]",0.9666666666666666,0.9666666666666666,1.0,False,False,True,False,True
plinder:2wcx__1__1.A__1.D:2wcx__1__1.D,PLINDER,0.2923076923076923,"[0.00,0.30)",1.0,0.9526289682539684,0.6435221028971029,True,False,False,True,True
plinder:2wgs__1__1.G__1.Y:2wgs__1__1.Y,PLINDER,0.453125,"[0.30,0.50)",1.0,0.9028571428571428,0.4214646464646464,True,False,False,True,True
plinder:2wzi__1__1.A__1.F:2wzi__1__1.F,PLINDER,0.4722222222222222,"[0.30,0.50)",0.9888888888888888,0.9888888888888888,0.9143518518518516,True,False,False,True,True
plinder:2x0q__1__2.A__2.B_2.C_2.D:2x0q__1__2.B,PLINDER,1.0,"[0.70,1.00]",0.9614769489769492,0.912593193843194,0.9420634920634922,False,False,True,False,True
plinder:2x0u__2__1.B__1.D:2x0u__2__1.D,PLINDER,0.2162162162162162,"[0.00,0.30)",1.0,1.0,0.775,True,False,False,True,True
plinder:2x65__1__1.B__1.J_1.K:2x65__1__1.J,PLINDER,1.0,"[0.70,1.00]",0.9999999999999998,0.9999999999999998,0.9617346938775508,False,False,True,False,True
plinder:2xce__1__1.B_1.C__1.M_1.N:2xce__1__1.N,PLINDER,1.0,"[0.70,1.00]",1.0,1.0,0.8717600581236945,False,False,True,False,True
plinder:2xcg__2__1.A_2.A__1.F:2xcg__2__1.F,PLINDER,0.6551724137931034,"[0.50,0.70)",1.0,0.5,0.2666666666666666,True,True,False,False,True
plinder:2xd9__1__4.A_4.C__4.F:2xd9__1__4.F,PLINDER,0.32,"[0.30,0.50)",0.8369453778544688,0.9008736213281668,0.9103650137741048,True,False,False,True,True
plinder:2xjb__1__1.A__1.D_1.G:2xjb__1__1.D,PLINDER,1.0,"[0.70,1.00]",1.0,0.9866452991452992,1.0,True,False,True,False,True
plinder:2xpc__1__1.A__1.B_1.D:2xpc__1__1.B,PLINDER,0.3125,"[0.30,0.50)",0.9909090909090909,0.9572979797979796,0.8590476190476191,True,False,False,True,True
plinder:2xtk__2__1.B__1.L:2xtk__2__1.L,PLINDER,1.0,"[0.70,1.00]",0.9428571428571428,0.9428571428571428,0.4942857142857143,False,False,True,False,True
plinder:2y71__1__1.A_3.A__3.B:2y71__1__3.B,PLINDER,0.375,"[0.30,0.50)",1.0,1.0,0.953063098517644,True,False,False,True,True
plinder:2ya3__1__1.C__1.D:2ya3__1__1.D,PLINDER,0.5903614457831325,"[0.50,0.70)",0.958945755099601,0.9663050624589083,0.8689353946706886,True,False,False,True,True
plinder:2ybe__1__1.A__1.B_1.D_1.E_1.F:2ybe__1__1.D,PLINDER,1.0,"[0.70,1.00]",0.9186313686313686,0.8717272626363536,0.6486437804619622,True,False,True,False,True
plinder:2yc3__1__2.A__2.B:2yc3__1__2.B,PLINDER,1.0,"[0.70,1.00]",0.9924242424242424,0.9308300395256917,0.7620095813277632,False,False,True,False,True
plinder:2yc5__1__1.A__1.B:2yc5__1__1.B,PLINDER,0.3928571428571428,"[0.30,0.50)",0.9722222222222224,0.9390432098765432,0.480825293080195,True,False,False,True,True
plinder:2yqh__1__1.A__1.C:2yqh__1__1.C,PLINDER,1.0,"[0.70,1.00]",1.0,1.0,0.8857142857142857,False,False,True,False,True
plinder:2yqs__1__1.A__1.B_1.D:2yqs__1__1.D,PLINDER,1.0,"[0.70,1.00]",0.9945054945054944,1.0,0.7098247456547052,False,False,True,False,True
plinder:2yr6__1__1.A__1.D_1.E_1.F:2yr6__1__1.D,PLINDER,1.0,"[0.70,1.00]",0.9814987789987788,0.9728696741854636,0.6099124109497871,False,False,True,False,True
plinder:2yr6__1__1.A__1.D_1.E_1.F:2yr6__1__1.E,PLINDER,1.0,"[0.70,1.00]",0.976190476190476,0.9484126984126984,0.6746031746031745,False,False,True,False,True
plinder:2zgz__1__1.A__1.C_1.E:2zgz__1__1.E,PLINDER,1.0,"[0.70,1.00]",0.9888888888888888,0.9765432098765432,0.9888888888888888,False,False,True,False,True
plinder:2zw9__2__1.B__1.D:2zw9__2__1.D,PLINDER,1.0,"[0.70,1.00]",0.8614448051948053,0.8575216450216451,0.5193986568986568,False,False,True,False,True
plinder:2zwa__2__1.B__1.H:2zwa__2__1.H,PLINDER,1.0,"[0.70,1.00]",0.9325396825396824,0.9325396825396824,0.6691403834260977,False,False,True,False,True
plinder:2zz5__1__1.A_1.B__1.C:2zz5__1__1.C,PLINDER,0.78,"[0.70,1.00]",0.9861111111111112,1.0,0.7996909340659342,True,False,True,False,True
plinder:3abi__1__1.B__1.F:3abi__1__1.F,PLINDER,1.0,"[0.70,1.00]",0.983826429980276,0.9727153188691652,0.5960429679163177,False,False,True,False,True
plinder:3arn__1__1.A_1.C__1.D:3arn__1__1.D,PLINDER,0.3287671232876712,"[0.30,0.50)",1.0,1.0,0.7047008547008546,True,False,False,True,True
plinder:3ayj__1__1.B__1.H_1.I_1.J:3ayj__1__1.H,PLINDER,1.0,"[0.70,1.00]",0.9145301848886408,0.9179331085581086,0.5432376076186983,False,False,True,False,True
plinder:3b03__1__1.A__1.E_1.F:3b03__1__1.E,PLINDER,1.0,"[0.70,1.00]",1.0,1.0,0.935374606872546,False,False,True,False,True
plinder:3b04__1__1.C__1.I_1.J:3b04__1__1.I,PLINDER,0.6976744186046512,"[0.50,0.70)",0.9842473246608584,0.9694900185763696,0.8917257171956421,True,False,True,False,True
plinder:3b1d__1__1.A_1.B__1.G_1.K:3b1d__1__1.K,PLINDER,1.0,"[0.70,1.00]",0.9909090909090909,0.9187698412698412,0.6345652008809903,False,False,True,False,True
plinder:3b1e__1__1.A_1.B__1.F_1.J:3b1e__1__1.J,PLINDER,1.0,"[0.70,1.00]",0.8591777666777667,0.7644627594627594,0.645297619047619,False,False,True,False,True
plinder:3b5i__1__1.B__1.E:3b5i__1__1.E,PLINDER,1.0,"[0.70,1.00]",0.8631313131313131,0.8722222222222222,0.4281436156436156,False,False,True,False,True
plinder:3b6p__2__1.D__1.N_1.O_1.P:3b6p__2__1.P,PLINDER,1.0,"[0.70,1.00]",1.0,1.0,0.7833333333333332,False,False,True,False,True
plinder:3bex__2__1.C_1.D__1.L:3bex__2__1.L,PLINDER,1.0,"[0.70,1.00]",1.0,1.0,0.8112980769230769,False,True,False,False,True
plinder:3bf3__1__1.A_1.B__1.H:3bf3__1__1.H,PLINDER,1.0,"[0.70,1.00]",0.9909090909090909,0.9430122655122656,0.9206593406593406,False,True,False,False,True
plinder:3bk2__1__2.A__2.E:3bk2__1__2.E,PLINDER,1.0,"[0.70,1.00]",0.968253968253968,0.982142857142857,0.6683982683982684,False,False,True,False,True
plinder:3bkq__1__1.A__1.B:3bkq__1__1.B,PLINDER,1.0,"[0.70,1.00]",0.9861111111111112,0.9861111111111112,0.9659090909090908,False,False,True,False,True
plinder:3bos__1__1.A_1.B__1.M_1.P_1.U:3bos__1__1.P,PLINDER,1.0,"[0.70,1.00]",0.986013986013986,0.9646464646464648,0.9924242424242424,False,False,True,False,True
plinder:3bqn__3__1.A_1.B__1.D:3bqn__3__1.D,PLINDER,0.2376237623762376,"[0.00,0.30)",1.0,0.976190476190476,0.3935897435897436,True,False,False,True,True
plinder:3cde__1__1.A__1.C:3cde__1__1.C,PLINDER,0.2252252252252252,"[0.00,0.30)",0.9704861111111112,0.9704861111111112,0.6674603174603174,True,False,False,True,True
plinder:3cxq__1__1.A_2.A__2.B:3cxq__1__2.B,PLINDER,1.0,"[0.70,1.00]",1.0000000000000002,1.0000000000000002,0.9626543209876546,False,False,True,False,True
plinder:3d1r__1__1.A__1.B_1.D:3d1r__1__1.B,PLINDER,1.0,"[0.70,1.00]",1.0,0.9897435897435898,0.9897435897435898,False,False,True,False,True
plinder:3ddu__1__1.A__1.B_1.G:3ddu__1__1.G,PLINDER,0.253012048192771,"[0.00,0.30)",0.9999999999999998,0.9999999999999998,0.6256235827664399,True,False,False,True,True
plinder:3ej2__1__3.A_4.A__3.B_4.B:3ej2__1__3.B,PLINDER,0.5897435897435898,"[0.50,0.70)",1.0,1.0,0.2,True,False,True,False,True
plinder:3ej2__1__3.A_4.A__3.B_4.B:3ej2__1__4.B,PLINDER,0.5897435897435898,"[0.50,0.70)",1.0,1.0,0.2,True,False,True,False,True
plinder:3ek5__1__1.A_1.C_1.D_1.E_1.F__1.K_1.L:3ek5__1__1.K,PLINDER,1.0,"[0.70,1.00]",0.9833333333333332,0.9769230769230768,0.9714285714285714,False,False,True,False,True
plinder:3ek5__1__1.A_1.C_1.D_1.E_1.F__1.K_1.L:3ek5__1__1.L,PLINDER,1.0,"[0.70,1.00]",0.9769230769230768,0.9909090909090909,0.8674999999999999,False,False,True,False,True
plinder:3elh__2__1.F__1.Q_1.R:3elh__2__1.Q,PLINDER,0.9591836734693876,"[0.70,1.00]",0.982142857142857,0.982142857142857,0.8239022881880025,True,False,True,False,True
plinder:3elm__1__2.A__2.C_2.I:3elm__1__2.I,PLINDER,0.358974358974359,"[0.30,0.50)",0.9841597796143252,0.9585576040121496,0.604560717060717,True,False,False,True,True
plinder:3g1h__1__1.A_1.B__1.O:3g1h__1__1.O,PLINDER,1.0,"[0.70,1.00]",1.0000000000000002,1.0000000000000002,0.7761022927689594,False,False,True,False,True
plinder:3g1v__1__1.A_1.B__1.C:3g1v__1__1.C,PLINDER,0.6792452830188679,"[0.50,0.70)",0.982142857142857,0.968253968253968,1.0,True,False,True,False,True
plinder:3gnc__1__1.A__1.F:3gnc__1__1.F,PLINDER,0.275,"[0.00,0.30)",0.9999999999999998,0.9999999999999998,0.755988455988456,True,False,True,False,True
plinder:3h65__1__2.A__2.B_2.C_2.D_2.E_2.F:3h65__1__2.B,PLINDER,1.0,"[0.70,1.00]",1.0,0.9626543209876544,0.782667949334616,False,False,True,False,True
plinder:3hf6__1__1.A__1.C:3hf6__1__1.C,PLINDER,0.4032258064516129,"[0.30,0.50)",0.9583333333333331,0.9861111111111112,0.622470238095238,True,False,False,True,True
plinder:3hf8__1__1.A__1.C:3hf8__1__1.C,PLINDER,0.3278688524590163,"[0.30,0.50)",0.9765432098765432,1.0,0.5756631712514065,True,False,False,True,True
plinder:3hhe__1__1.A__1.C:3hhe__1__1.C,PLINDER,1.0,"[0.70,1.00]",0.9540997464074388,0.9230835403912327,0.861612555236037,False,True,False,False,True
plinder:3hxu__1__1.A__1.B:3hxu__1__1.B,PLINDER,1.0,"[0.70,1.00]",0.9705128205128204,0.901291015629251,0.8472425722425723,False,False,True,False,True
plinder:3it3__1__1.B__1.D:3it3__1__1.D,PLINDER,1.0,"[0.70,1.00]",1.0000000000000002,1.0000000000000002,1.0000000000000002,False,False,True,False,True
plinder:3jsa__1__2.A__2.B:3jsa__1__2.B,PLINDER,1.0,"[0.70,1.00]",0.947845804988662,0.9214285714285712,0.934065934065934,False,False,True,False,True
plinder:3ju4__1__1.A_2.A_3.A__1.B:3ju4__1__1.B,PLINDER,1.0,"[0.70,1.00]",1.0,1.0,0.9484126984126984,False,False,True,False,True
plinder:3jvv__1__2.B__2.G_2.H:3jvv__1__2.G,PLINDER,1.0,"[0.70,1.00]",0.9617346938775512,0.947845804988662,0.9821428571428572,False,False,True,False,True
plinder:3k56__2__2.B__2.F_2.G:3k56__2__2.F,PLINDER,0.75,"[0.70,1.00]",1.0,1.0,0.7191403834260977,True,True,False,False,True
plinder:3kqn__1__1.A__1.C_1.D_1.E:3kqn__1__1.D,PLINDER,1.0,"[0.70,1.00]",0.9240362811791384,0.9617346938775508,0.968253968253968,False,False,True,False,True
plinder:3l4t__1__1.A__1.B:3l4t__1__1.B,PLINDER,0.8409090909090909,"[0.70,1.00]",0.9484126984126984,0.915079365079365,0.7930555555555556,True,False,True,False,True
plinder:3l4x__1__1.A__1.C:3l4x__1__1.C,PLINDER,1.0,"[0.70,1.00]",0.9583333333333331,0.8888888888888888,0.7659090909090909,True,False,True,False,True
plinder:3l9h__1__1.A__1.D:3l9h__1__1.D,PLINDER,0.2474226804123711,"[0.00,0.30)",0.9484126984126984,0.9150793650793648,0.4673520923520923,True,False,False,True,True
plinder:3lhu__1__1.A_1.B__1.C:3lhu__1__1.C,PLINDER,1.0,"[0.70,1.00]",0.9833333333333332,0.9714285714285714,0.8030006105006104,False,False,True,False,True
plinder:3lhw__1__1.A_1.B__1.C:3lhw__1__1.C,PLINDER,1.0,"[0.70,1.00]",0.9833333333333332,0.9769230769230768,0.7988339438339438,False,False,True,False,True
plinder:3lhy__1__1.A_1.B__1.C:3lhy__1__1.C,PLINDER,1.0,"[0.70,1.00]",0.9833333333333332,0.9833333333333332,0.8077625152625152,False,False,True,False,True
plinder:3li1__1__1.A_1.B__1.C:3li1__1__1.C,PLINDER,1.0,"[0.70,1.00]",0.9833333333333332,0.9909090909090909,0.8077625152625152,False,False,True,False,True
plinder:3ltp__1__1.A_1.B__1.D:3ltp__1__1.D,PLINDER,1.0,"[0.70,1.00]",0.9909090909090909,0.9909090909090909,0.8077625152625152,False,False,True,False,True
plinder:3lts__1__1.A_1.B__1.C:3lts__1__1.C,PLINDER,1.0,"[0.70,1.00]",0.9909090909090909,0.9909090909090909,0.8224847374847375,False,False,True,False,True
plinder:3lty__1__1.A_1.B__1.C:3lty__1__1.C,PLINDER,1.0,"[0.70,1.00]",0.9833333333333332,0.9769230769230768,0.8363339438339438,False,False,True,False,True
plinder:3lu6__1__1.A__1.D:3lu6__1__1.D,PLINDER,0.4444444444444444,"[0.30,0.50)",0.9305555555555556,0.9305555555555556,0.744047619047619,True,False,False,True,True
plinder:3lu8__1__1.A__1.C:3lu8__1__1.C,PLINDER,0.3809523809523809,"[0.30,0.50)",1.0,1.0,0.8687074829931971,True,False,False,True,True
plinder:3lv5__1__1.A_1.B__1.C:3lv5__1__1.C,PLINDER,1.0,"[0.70,1.00]",0.9833333333333332,0.9769230769230768,0.8410958485958485,False,False,True,False,True
plinder:3lv6__1__1.A_1.B__1.D:3lv6__1__1.D,PLINDER,1.0,"[0.70,1.00]",0.9833333333333332,0.9909090909090909,0.8135317460317459,False,False,True,False,True
plinder:3n2v__1__1.A__1.B_1.G:3n2v__1__1.G,PLINDER,0.4705882352941176,"[0.30,0.50)",1.0,1.0,0.5199999999999999,True,False,True,False,True
plinder:3n5h__1__2.A__2.B_2.D:3n5h__1__2.B,PLINDER,0.4081632653061224,"[0.30,0.50)",0.925,0.8834033613445378,0.8860479797979799,True,False,True,False,True
plinder:3n5j__1__2.A__2.B_2.D:3n5j__1__2.B,PLINDER,0.5217391304347826,"[0.50,0.70)",0.9999999999999998,0.9999999999999998,0.8010204081632653,True,False,True,False,True
plinder:3n76__1__12.A_7.A__12.B:3n76__1__12.B,PLINDER,0.4565217391304347,"[0.30,0.50)",0.9885883347421808,0.8861435572974035,0.9151137324214244,True,False,False,True,True
plinder:3nq7__1__1.A_1.B__1.D:3nq7__1__1.D,PLINDER,1.0,"[0.70,1.00]",0.9833333333333332,0.9909090909090909,0.8468650793650793,False,False,True,False,True
plinder:3nqa__1__1.A_1.B__1.C:3nqa__1__1.C,PLINDER,1.0,"[0.70,1.00]",0.9833333333333332,0.9833333333333332,0.8135317460317459,False,False,True,False,True
plinder:3nqc__1__1.A_1.B__1.C:3nqc__1__1.C,PLINDER,1.0,"[0.70,1.00]",0.9833333333333332,0.9833333333333332,0.8135317460317459,False,False,True,False,True
plinder:3nqd__1__1.A_1.B__1.C:3nqd__1__1.C,PLINDER,1.0,"[0.70,1.00]",0.9833333333333332,0.9833333333333332,0.8135317460317459,False,False,True,False,True
plinder:3nqe__1__1.A_1.B__1.C:3nqe__1__1.C,PLINDER,1.0,"[0.70,1.00]",0.9769230769230768,0.9833333333333332,0.8030006105006104,False,False,True,False,True
plinder:3nqf__1__1.A_1.B__1.C:3nqf__1__1.C,PLINDER,1.0,"[0.70,1.00]",0.9833333333333332,1.0,0.8135317460317459,False,False,True,False,True
plinder:3nqg__1__1.A_1.B__1.E:3nqg__1__1.E,PLINDER,1.0,"[0.70,1.00]",0.9833333333333332,0.9909090909090909,0.8077625152625152,False,False,True,False,True
plinder:3nqm__1__1.A_1.B__1.C:3nqm__1__1.C,PLINDER,1.0,"[0.70,1.00]",0.9833333333333332,0.9833333333333332,0.8135317460317459,False,False,True,False,True
plinder:3ntp__1__1.A__1.B:3ntp__1__1.B,PLINDER,0.36,"[0.30,0.50)",1.0,0.9583333333333331,0.9305555555555556,True,False,False,True,True
plinder:3ocd__1__1.A__1.E:3ocd__1__1.E,PLINDER,,unresolved,0.9722222222222224,0.7283389450056118,0.3975903181785535,,,,,False
plinder:3ogm__2__1.E_1.F__1.CA_1.DA_1.EA_1.FA:3ogm__2__1.CA,PLINDER,0.2580645161290322,"[0.00,0.30)",1.0,0.9952380952380953,0.9095498863881216,True,False,False,True,True
plinder:3oha__1__1.A__1.D_1.H_1.I:3oha__1__1.D,PLINDER,1.0,"[0.70,1.00]",0.97979797979798,0.9513888888888892,0.8511383678050346,False,False,True,False,True
plinder:3ohb__1__1.A__1.D_1.E_1.F:3ohb__1__1.D,PLINDER,1.0,"[0.70,1.00]",0.97979797979798,0.9288888888888888,0.8363235529902198,False,False,True,False,True
plinder:3ova__1__2.A__2.C_2.E:3ova__1__2.C,PLINDER,1.0,"[0.70,1.00]",0.8701388888888889,0.9206845238095238,0.8610479797979799,False,False,True,False,True
plinder:3p5p__1__1.A__1.B_1.C_1.E:3p5p__1__1.E,PLINDER,0.3050847457627119,"[0.30,0.50)",0.8336570836570836,0.8620110883268777,0.7020061728395062,True,False,False,True,True
plinder:3p5y__1__1.A_1.B__1.E:3p5y__1__1.E,PLINDER,1.0,"[0.70,1.00]",0.9909090909090909,0.9833333333333332,0.8135317460317459,False,False,True,False,True
plinder:3p5z__1__1.A_1.B__1.C:3p5z__1__1.C,PLINDER,1.0,"[0.70,1.00]",1.0,1.0,0.8245590828924162,False,False,True,False,True
plinder:3p60__1__1.A_1.B__1.D:3p60__1__1.D,PLINDER,1.0,"[0.70,1.00]",0.9909090909090909,0.9909090909090909,0.8135317460317459,False,False,True,False,True
plinder:3p61__1__1.A_1.B__1.D:3p61__1__1.D,PLINDER,1.0,"[0.70,1.00]",0.9909090909090909,0.9909090909090909,0.8135317460317459,False,False,True,False,True
plinder:3pde__1__1.B__1.J_1.K_1.L_1.M:3pde__1__1.J,PLINDER,1.0,"[0.70,1.00]",1.0,1.0,1.0,False,True,False,False,True
plinder:3pde__1__1.B__1.J_1.K_1.L_1.M:3pde__1__1.M,PLINDER,1.0,"[0.70,1.00]",1.0,1.0,0.6041666666666666,False,True,False,False,True
plinder:3phe__1__1.A__1.E:3phe__1__1.E,PLINDER,0.3214285714285714,"[0.30,0.50)",0.9028571428571428,0.7644444444444445,0.7496503496503497,True,False,False,True,True
plinder:3q9b__1__1.A_1.I__1.FE_1.IE_1.T:3q9b__1__1.FE,PLINDER,1.0,"[0.70,1.00]",1.0,0.7545918367346939,0.3775724275724276,False,False,True,False,True
plinder:3qcp__1__1.A__1.B:3qcp__1__1.B,PLINDER,1.0,"[0.70,1.00]",0.935125664933357,0.8842376640453562,0.7514391034457923,False,False,True,False,True
plinder:3qez__1__1.A_1.B__1.E:3qez__1__1.E,PLINDER,1.0,"[0.70,1.00]",0.9841597796143252,0.9841597796143252,0.7736406270497178,False,False,True,False,True
plinder:3qf0__1__1.A_1.B__1.D:3qf0__1__1.D,PLINDER,1.0,"[0.70,1.00]",0.9833333333333332,0.9909090909090909,0.8077625152625152,False,False,True,False,True
plinder:3qmr__1__1.A_1.B__1.C:3qmr__1__1.C,PLINDER,1.0,"[0.70,1.00]",0.9833333333333332,0.9769230769230768,0.8571672771672771,False,False,True,False,True
plinder:3qms__1__1.A_1.B__1.C:3qms__1__1.C,PLINDER,1.0,"[0.70,1.00]",0.9833333333333332,0.9769230769230768,0.8030006105006104,False,False,True,False,True
plinder:3qmt__1__1.A_1.B__1.E:3qmt__1__1.E,PLINDER,1.0,"[0.70,1.00]",0.9833333333333332,0.9909090909090909,0.8087698412698412,False,False,True,False,True
plinder:3r77__1__1.A_1.B__1.C:3r77__1__1.C,PLINDER,1.0,"[0.70,1.00]",1.0,1.0,0.8954151404151404,False,False,True,False,True
plinder:3rer__1__1.B_1.C__1.I:3rer__1__1.I,PLINDER,1.0,"[0.70,1.00]",1.0,1.0,0.7087301587301587,False,False,True,False,True
plinder:3rlu__1__1.A_1.B__1.D:3rlu__1__1.D,PLINDER,1.0,"[0.70,1.00]",0.9833333333333332,0.9909090909090909,0.8135317460317459,False,False,True,False,True
plinder:3rlv__1__1.A_1.B__1.D:3rlv__1__1.D,PLINDER,1.0,"[0.70,1.00]",0.9833333333333332,0.9909090909090909,0.8468650793650793,False,False,True,False,True
plinder:3rou__1__1.A_1.B__1.D:3rou__1__1.D,PLINDER,1.0,"[0.70,1.00]",1.0,1.0,0.7152777777777778,False,False,True,False,True
plinder:3sj3__1__1.A_1.B__1.C:3sj3__1__1.C,PLINDER,1.0,"[0.70,1.00]",0.9833333333333332,0.9909090909090909,0.8077625152625152,False,False,True,False,True
plinder:3t44__1__1.A__1.B_1.C:3t44__1__1.B,PLINDER,1.0,"[0.70,1.00]",0.9436868686868688,0.9094356261022928,0.5896964146964148,False,False,True,False,True
plinder:3t44__1__1.A__1.B_1.C:3t44__1__1.C,PLINDER,1.0,"[0.70,1.00]",1.0,1.0,1.0,False,False,True,False,True
plinder:3tay__1__1.A__1.C_1.H:3tay__1__1.C,PLINDER,0.8163265306122449,"[0.70,1.00]",0.9428571428571428,0.8225,0.8392857142857142,True,False,True,False,True
plinder:3thq__1__1.A_1.B__1.C:3thq__1__1.C,PLINDER,0.7755102040816326,"[0.70,1.00]",0.975068870523416,0.975068870523416,0.9595404595404596,True,False,True,False,True
plinder:3tny__1__1.A__1.B:3tny__1__1.B,PLINDER,,unresolved,1.0,1.0,0.8668650793650794,,,,,False
plinder:3tz3__1__1.A_2.A__1.D:3tz3__1__1.D,PLINDER,0.2608695652173913,"[0.00,0.30)",1.0,1.0,0.9391555204055204,True,False,False,True,True
plinder:3uel__1__1.A__1.D:3uel__1__1.D,PLINDER,1.0,"[0.70,1.00]",1.0,1.0,0.9168859797819072,False,False,True,False,True
plinder:3v1p__1__1.A_1.B__1.E:3v1p__1__1.E,PLINDER,1.0,"[0.70,1.00]",0.9888888888888892,0.9888888888888892,0.8001914751914752,False,False,True,False,True
plinder:3vph__1__1.A_1.B_1.C_1.D__1.F_1.H_1.Q:3vph__1__1.F,PLINDER,1.0,"[0.70,1.00]",1.0,1.0,1.0,False,False,True,False,True
plinder:3vv0__1__1.A__1.B:3vv0__1__1.B,PLINDER,0.7714285714285715,"[0.70,1.00]",0.9805194805194806,0.9525691699604744,0.754933324251506,True,False,True,False,True
plinder:3vw2__1__1.A__1.E:3vw2__1__1.E,PLINDER,1.0,"[0.70,1.00]",1.0,1.0,0.3611111111111111,False,False,True,False,True
plinder:3vw9__1__1.A_1.B__1.E_1.F:3vw9__1__1.E,PLINDER,0.25,"[0.00,0.30)",0.9555555555555556,0.9241622574955908,0.4119021410688077,True,False,False,True,True
plinder:3vws__1__1.A__1.D_1.E:3vws__1__1.D,PLINDER,0.3571428571428571,"[0.30,0.50)",0.9107142857142856,0.7541925465838509,0.8218253968253968,True,False,False,True,True
plinder:3vws__1__1.A__1.D_1.E:3vws__1__1.E,PLINDER,0.3571428571428571,"[0.30,0.50)",0.9534662867996202,0.8998778998778998,0.8363235529902197,True,False,False,True,True
plinder:3w0t__1__1.A_1.B__1.F_1.G:3w0t__1__1.F,PLINDER,0.3035714285714285,"[0.30,0.50)",0.982142857142857,0.9999999999999998,0.3956763474620617,True,False,False,True,True
plinder:3w0u__1__1.A_1.B__1.C_1.F:3w0u__1__1.F,PLINDER,0.2954545454545454,"[0.00,0.30)",1.0,1.0,0.3005772005772005,True,False,False,True,True
plinder:3w54__1__1.A__1.E_1.F_1.G_1.H:3w54__1__1.H,PLINDER,0.38,"[0.30,0.50)",0.8736394557823131,0.8260204081632654,0.5658119658119658,True,False,True,False,True
plinder:3w8o__2__1.B__1.D:3w8o__2__1.D,PLINDER,,unresolved,0.9722550177095632,1.0,0.7053973803973804,,,,,False
plinder:3wgb__1__1.A_1.B_1.D__1.F:3wgb__1__1.F,PLINDER,1.0,"[0.70,1.00]",0.9855769230769228,0.9307692307692306,0.9167500799853738,False,False,True,False,True
plinder:3wjw__1__1.A_2.A__2.B:3wjw__1__2.B,PLINDER,0.7755102040816326,"[0.70,1.00]",0.9436868686868688,0.9436868686868688,0.9174093879976236,True,False,True,False,True
plinder:3wjy__1__1.A_2.A__1.B:3wjy__1__1.B,PLINDER,0.7755102040816326,"[0.70,1.00]",0.9626543209876546,0.9765432098765434,0.9535634118967452,True,False,True,False,True
plinder:3wqy__1__1.A__1.D:3wqy__1__1.D,PLINDER,1.0,"[0.70,1.00]",0.9909090909090909,0.9909090909090909,0.9484848484848484,False,False,True,False,True
plinder:3x0b__1__1.A_1.B__1.E:3x0b__1__1.E,PLINDER,1.0,"[0.70,1.00]",1.0,1.0,0.6333333333333333,False,False,True,False,True
plinder:3zds__1__1.A_1.B__1.M_1.N:3zds__1__1.N,PLINDER,0.55,"[0.50,0.70)",0.9381313131313131,0.7602678571428572,0.4706825037707391,True,True,False,False,True
plinder:3zds__2__2.F_2.J__2.Y_2.Z:3zds__2__2.Z,PLINDER,0.2777777777777778,"[0.00,0.30)",0.8111111111111111,0.4692857142857142,0.400093370681606,True,False,False,True,True
plinder:4a1o__1__1.A_1.B__1.E_1.I:4a1o__1__1.I,PLINDER,1.0,"[0.70,1.00]",0.9391555204055204,0.961476948976949,0.940803872053872,False,False,True,False,True
plinder:4a61__1__1.A__1.B_1.C:4a61__1__1.B,PLINDER,1.0,"[0.70,1.00]",0.9861111111111112,0.9861111111111112,1.0,False,False,True,False,True
plinder:4a7g__1__1.B__1.O:4a7g__1__1.O,PLINDER,0.3389830508474576,"[0.30,0.50)",1.0,1.0,1.0,True,False,False,True,True
plinder:4agi__1__1.C__1.W:4agi__1__1.W,PLINDER,1.0,"[0.70,1.00]",0.9484126984126984,0.9761904761904762,0.8734126984126984,False,False,True,False,True
plinder:4agt__1__1.A__1.J:4agt__1__1.J,PLINDER,1.0,"[0.70,1.00]",1.0,1.0,0.8766666666666667,False,False,True,False,True
plinder:4aha__1__1.A__1.K:4aha__1__1.K,PLINDER,1.0,"[0.70,1.00]",0.9666666666666666,1.0,0.8766666666666667,False,False,True,False,True
plinder:4aqh__1__1.A__1.D:4aqh__1__1.D,PLINDER,1.0,"[0.70,1.00]",1.0,1.0,0.8098151848151848,False,False,True,False,True
plinder:4avb__2__1.B__1.J_1.N:4avb__2__1.J,PLINDER,1.0,"[0.70,1.00]",0.9999999999999998,0.9999999999999998,0.947845804988662,False,False,True,False,True
plinder:4azm__1__1.A_1.B__1.C:4azm__1__1.C,PLINDER,0.3287671232876712,"[0.30,0.50)",1.0,1.0,0.7633356227106228,True,False,False,True,True
plinder:4bcd__1__1.A__1.B:4bcd__1__1.B,PLINDER,0.3186813186813186,"[0.30,0.50)",1.0,1.0,0.778445165945166,True,False,False,True,True
plinder:4c49__3__1.C__1.G:4c49__3__1.G,PLINDER,1.0,"[0.70,1.00]",0.9379251700680272,0.982142857142857,0.6988455988455988,False,False,True,False,True
plinder:4cb5__1__1.A__1.B:4cb5__1__1.B,PLINDER,0.3369565217391304,"[0.30,0.50)",0.9166666666666666,0.7470238095238095,0.6428571428571428,True,False,False,True,True
plinder:4cix__1__8.A_9.A__8.B:4cix__1__8.B,PLINDER,0.4883720930232558,"[0.30,0.50)",0.9910714285714284,0.9611721611721612,0.9650528043385186,True,False,False,True,True
plinder:4cp5__1__1.A_1.B__1.G:4cp5__1__1.G,PLINDER,1.0,"[0.70,1.00]",0.9571428571428572,0.9404761904761902,0.7205009276437847,False,False,True,False,True
plinder:4cyi__2__1.C__1.M_1.N:4cyi__2__1.M,PLINDER,1.0,"[0.70,1.00]",0.9526289682539684,0.9704861111111112,0.8443452380952381,False,False,True,False,True
plinder:4cyj__1__1.A__1.G_1.H:4cyj__1__1.G,PLINDER,1.0,"[0.70,1.00]",0.9861111111111112,0.975,0.9861111111111112,False,False,True,False,True
plinder:4dch__1__1.A__1.C:4dch__1__1.C,PLINDER,1.0,"[0.70,1.00]",1.0,1.0,0.5305194805194805,False,False,True,False,True
plinder:4dhl__2__1.B_1.D__1.V_1.W_1.X:4dhl__2__1.X,PLINDER,0.3939393939393939,"[0.30,0.50)",0.947845804988662,1.0,0.7063852813852813,True,False,True,False,True
plinder:4edh__1__1.A__1.C_1.D_1.E:4edh__1__1.C,PLINDER,1.0,"[0.70,1.00]",1.0,1.0,0.6932900432900433,False,False,True,False,True
plinder:4edh__1__1.A__1.C_1.D_1.E:4edh__1__1.D,PLINDER,1.0,"[0.70,1.00]",0.9888888888888888,0.9888888888888888,1.0,False,False,True,False,True
plinder:4efe__1__1.A__1.E:4efe__1__1.E,PLINDER,0.238095238095238,"[0.00,0.30)",0.9575757575757576,0.8517195767195769,0.8058793058793059,True,False,False,True,True
plinder:4ffo__1__1.A__1.B_1.C_1.D_1.E:4ffo__1__1.B,PLINDER,0.5,"[0.50,0.70)",0.8432900432900432,0.7876373626373626,0.4129268879268879,True,True,False,False,True
plinder:4ffo__1__1.A__1.B_1.C_1.D_1.E:4ffo__1__1.C,PLINDER,1.0,"[0.70,1.00]",0.898589065255732,0.8277777777777777,0.5484376791652333,False,False,True,False,True
plinder:4fju__1__1.A_1.B__1.E:4fju__1__1.E,PLINDER,1.0,"[0.70,1.00]",0.9833333333333332,0.8629476079476079,0.6163095238095238,False,False,True,False,True
plinder:4fx8__1__1.A_1.B__1.C:4fx8__1__1.C,PLINDER,1.0,"[0.70,1.00]",1.0,1.0,0.9502840909090908,False,False,True,False,True
plinder:4fxr__1__1.A_1.B__1.C:4fxr__1__1.C,PLINDER,1.0,"[0.70,1.00]",1.0000000000000002,1.0000000000000002,0.8551858635191969,False,False,True,False,True
plinder:4gc4__1__1.A_1.B__1.D:4gc4__1__1.D,PLINDER,1.0,"[0.70,1.00]",0.9909090909090909,0.9769230769230768,0.8673595848595848,False,False,True,False,True
plinder:4glx__1__1.D__1.G:4glx__1__1.G,PLINDER,0.3137254901960784,"[0.30,0.50)",1.0,1.0,0.7424242424242424,True,False,False,True,True
plinder:4gmc__2__1.B__1.E:4gmc__2__1.E,PLINDER,0.2589285714285714,"[0.00,0.30)",0.9526289682539684,0.8755456349206349,0.5168342074592074,True,False,False,True,True
plinder:4gmd__2__1.D__1.O:4gmd__2__1.O,PLINDER,0.7142857142857143,"[0.70,1.00]",1.0,0.9861111111111112,0.7698613886113886,True,False,True,False,True
plinder:4gnv__1__1.B__1.G:4gnv__1__1.G,PLINDER,1.0,"[0.70,1.00]",0.9583333333333331,0.9583333333333331,0.6504901960784314,False,False,True,False,True
plinder:4gyz__3__1.C__1.O_1.P:4gyz__3__1.O,PLINDER,1.0,"[0.70,1.00]",0.9617346938775512,0.9095238095238096,0.6663265306122449,False,False,True,False,True
plinder:4hjh__2__1.B__1.IC:4hjh__2__1.IC,PLINDER,1.0,"[0.70,1.00]",0.943687935995628,0.901207659861506,0.779025549613785,False,True,False,False,True
plinder:4i02__1__1.A_1.E__1.H:4i02__1__1.H,PLINDER,1.0,"[0.70,1.00]",1.0,1.0,0.810515873015873,False,False,True,False,True
plinder:4i4v__2__1.D__1.L:4i4v__2__1.L,PLINDER,1.0,"[0.70,1.00]",1.0,1.0,0.5833333333333333,False,False,True,False,True
plinder:4ien__2__1.C_1.D_2.C__1.P:4ien__2__1.P,PLINDER,1.0,"[0.70,1.00]",0.9735750360750364,0.8599888537388537,0.8239134163766518,False,False,True,False,True
plinder:4ih7__1__1.A__1.D:4ih7__1__1.D,PLINDER,0.25,"[0.00,0.30)",1.0,0.9666666666666666,0.6797979797979798,True,False,False,True,True
plinder:4ise__1__1.A__1.C:4ise__1__1.C,PLINDER,0.44,"[0.30,0.50)",1.0,1.0,0.5798611111111112,True,False,False,True,True
plinder:4iu4__1__3.A__3.B_3.C_3.F:4iu4__1__3.F,PLINDER,1.0,"[0.70,1.00]",0.7972789115646257,0.8715213358070499,0.6665893630179345,False,True,False,False,True
plinder:4ixd__2__1.A_2.A__1.C:4ixd__2__1.C,PLINDER,0.3389830508474576,"[0.30,0.50)",0.9704861111111112,0.9861111111111112,0.7390241702741703,True,False,False,True,True
plinder:4j6w__1__1.C_1.E__1.W:4j6w__1__1.W,PLINDER,1.0,"[0.70,1.00]",0.9266666666666664,0.9266666666666664,0.8528571428571428,False,False,True,False,True
plinder:4j8t__3__1.C__1.G:4j8t__3__1.G,PLINDER,1.0,"[0.70,1.00]",1.0,0.9765432098765432,0.7787656787656788,False,False,True,False,True
plinder:4jaf__1__1.B_3.B__1.H:4jaf__1__1.H,PLINDER,1.0,"[0.70,1.00]",0.9273199023199024,0.919055439509985,0.8348459917978635,False,False,True,False,True
plinder:4jp4__1__1.A_1.B__1.I_1.N:4jp4__1__1.N,PLINDER,0.2222222222222222,"[0.00,0.30)",0.9617346938775508,0.9617346938775508,0.4307840968555254,True,False,False,True,True
plinder:4js1__1__1.A__1.C_1.D:4js1__1__1.C,PLINDER,1.0,"[0.70,1.00]",0.9999999999999998,0.9999999999999998,0.8139455782312923,False,False,True,False,True
plinder:4jt8__1__1.A__1.C:4jt8__1__1.C,PLINDER,0.2604166666666667,"[0.00,0.30)",1.0,1.0,0.8712121212121212,True,False,False,True,True
plinder:4jt9__1__1.A__1.C_1.D_1.E:4jt9__1__1.C,PLINDER,0.2577319587628865,"[0.00,0.30)",1.0,1.0,0.8369230769230769,True,False,False,True,True
plinder:4jvo__1__1.A__1.C:4jvo__1__1.C,PLINDER,1.0,"[0.70,1.00]",1.0,1.0,0.8708333333333333,False,False,True,False,True
plinder:4k2f__1__1.A_1.B__1.M:4k2f__1__1.M,PLINDER,0.2745098039215686,"[0.00,0.30)",0.8189011325374962,0.7285594162708329,0.8886464545555455,True,False,False,True,True
plinder:4kax__1__1.B__1.H:4kax__1__1.H,PLINDER,1.0,"[0.70,1.00]",1.0,1.0,1.0,False,False,True,False,True
plinder:4kgj__1__1.A__1.J:4kgj__1__1.J,PLINDER,0.32,"[0.30,0.50)",0.9999999999999998,0.9999999999999998,0.9325396825396824,True,False,True,False,True
plinder:4kql__1__3.A__3.L:4kql__1__3.L,PLINDER,0.3157894736842105,"[0.30,0.50)",0.9754901960784316,0.9626696832579186,0.765574070537306,True,False,False,True,True
plinder:4kxl__2__1.C_1.D__1.G:4kxl__2__1.G,PLINDER,0.75,"[0.70,1.00]",0.9811507936507938,0.9705128205128208,0.7455157780815675,True,False,False,True,True
plinder:4l59__1__1.A_2.A__2.B:4l59__1__2.B,PLINDER,0.3035714285714285,"[0.30,0.50)",1.0,1.0,0.8813455988455987,True,False,False,True,True
plinder:4lfe__1__1.B__1.F_1.G_1.H_1.I_1.J:4lfe__1__1.F,PLINDER,1.0,"[0.70,1.00]",0.9821428571428572,1.0,0.7142857142857143,False,True,False,False,True
plinder:4lfe__1__1.B__1.F_1.G_1.H_1.I_1.J:4lfe__1__1.G,PLINDER,1.0,"[0.70,1.00]",1.0,1.0,0.9293650793650794,False,True,False,False,True
plinder:4lrh__4__1.D__1.T:4lrh__4__1.T,PLINDER,1.0,"[0.70,1.00]",0.9749346405228758,0.9877124183006536,0.9245146901029252,False,False,True,False,True
plinder:4mlp__1__1.A__1.E:4mlp__1__1.E,PLINDER,1.0,"[0.70,1.00]",0.9028571428571428,0.8761904761904762,0.5311111111111111,False,False,True,False,True
plinder:4mmd__1__1.A__1.D_1.E:4mmd__1__1.E,PLINDER,0.38,"[0.30,0.50)",1.0,0.9305555555555556,0.456973581973582,True,False,False,True,True
plinder:4mme__1__1.A__1.E:4mme__1__1.E,PLINDER,0.2456140350877192,"[0.00,0.30)",0.8809523809523809,0.8397849462365592,0.5942760942760943,True,False,False,True,True
plinder:4mpe__1__1.A__1.B:4mpe__1__1.B,PLINDER,0.625,"[0.50,0.70)",0.9040178571428572,0.90625,0.8179268648018647,True,False,False,True,True
plinder:4my6__2__1.B__1.F:4my6__2__1.F,PLINDER,0.8202247191011236,"[0.70,1.00]",0.9861111111111112,0.9704861111111112,0.9526289682539684,True,False,False,True,True
plinder:4n7e__1__1.A__1.E:4n7e__1__1.E,PLINDER,0.45,"[0.30,0.50)",1.0,0.9666666666666666,0.8051948051948052,True,False,False,True,True
plinder:4n7m__1__1.A_1.B__1.C:4n7m__1__1.C,PLINDER,0.3414634146341463,"[0.30,0.50)",1.0,1.0,0.8541666666666666,True,False,False,True,True
plinder:4nbi__1__1.A_1.B__1.C:4nbi__1__1.C,PLINDER,1.0,"[0.70,1.00]",0.903834260977118,0.8599567099567098,0.6669217687074829,False,False,True,False,True
plinder:4np3__1__1.A__1.B_1.D_1.E:4np3__1__1.B,PLINDER,0.2461538461538461,"[0.00,0.30)",1.0,0.8875,0.8166666666666667,True,False,False,True,True
plinder:4o3f__1__1.A__1.B:4o3f__1__1.B,PLINDER,1.0,"[0.70,1.00]",1.0,0.8055555555555556,0.4242424242424242,False,False,True,False,True
plinder:4og7__1__1.A__1.C:4og7__1__1.C,PLINDER,0.2777777777777778,"[0.00,0.30)",0.95,0.6678571428571428,0.3696428571428571,True,False,False,True,True
plinder:4p10__1__1.A__1.B_1.C_1.D:4p10__1__1.B,PLINDER,1.0,"[0.70,1.00]",1.0,0.975,0.6989811148818501,False,False,True,False,True
plinder:4p3n__1__1.B__1.G:4p3n__1__1.G,PLINDER,1.0,"[0.70,1.00]",0.976190476190476,0.8972222222222221,0.8766233766233765,False,False,True,False,True
plinder:4p73__1__1.D__1.F:4p73__1__1.F,PLINDER,1.0,"[0.70,1.00]",1.0,1.0,0.6325757575757576,False,False,True,False,True
plinder:4p9o__1__2.A_2.B__2.E:4p9o__1__2.E,PLINDER,1.0,"[0.70,1.00]",0.9166666666666666,0.8541666666666666,0.5845238095238094,False,True,False,False,True
plinder:4pd9__1__1.A_2.A__2.D:4pd9__1__2.D,PLINDER,1.0,"[0.70,1.00]",0.9428571428571428,0.9428571428571428,0.7142857142857143,False,False,True,False,True
plinder:4pda__1__2.A_3.A__3.D:4pda__1__3.D,PLINDER,1.0,"[0.70,1.00]",0.9617346938775512,0.9682539682539684,0.7511904761904762,False,False,True,False,True
plinder:4pht__1__1.A_1.B__1.H_1.I:4pht__1__1.H,PLINDER,1.0,"[0.70,1.00]",0.9765432098765434,0.7667027417027418,0.7856701940035274,False,False,True,False,True
plinder:4pkr__1__1.A__1.B_1.C_1.E:4pkr__1__1.B,PLINDER,0.2985074626865671,"[0.00,0.30)",0.8211111111111111,0.8444444444444443,0.5726190476190476,True,False,False,True,True
plinder:4qnu__6__1.F__1.T:4qnu__6__1.T,PLINDER,1.0,"[0.70,1.00]",0.9805194805194806,0.9525691699604744,0.7060011883541295,False,False,True,False,True
plinder:4r9j__1__1.A_1.C__1.S:4r9j__1__1.S,PLINDER,0.71875,"[0.70,1.00]",1.0,1.0,1.0,True,False,True,False,True
plinder:4rus__2__1.C__1.V:4rus__2__1.V,PLINDER,1.0,"[0.70,1.00]",1.0,1.0,0.8041666666666667,False,False,True,False,True
plinder:4rvh__1__1.A__1.D:4rvh__1__1.D,PLINDER,0.7605633802816901,"[0.70,1.00]",0.9040835707502376,0.7283389450056117,0.6187710437710437,True,False,True,False,True
plinder:4tlb__1__1.A_1.F__1.V_1.W:4tlb__1__1.V,PLINDER,1.0,"[0.70,1.00]",0.8599888537388537,0.7712724775224775,0.7816768879268879,False,False,True,False,True
plinder:4tlc__1__1.C_1.D__1.M_1.O:4tlc__1__1.O,PLINDER,1.0,"[0.70,1.00]",0.8909054620593082,0.8115450788527712,0.7924974598051522,False,False,True,False,True
plinder:4tn2__1__1.A__1.B:4tn2__1__1.B,PLINDER,0.2857142857142857,"[0.00,0.30)",1.0,1.0,0.9191718775052108,True,False,False,True,True
plinder:4tsq__3__1.C__1.U:4tsq__3__1.U,PLINDER,1.0,"[0.70,1.00]",1.0,0.95,0.6791666666666667,False,True,False,False,True
plinder:4tx6__1__1.A__1.C:4tx6__1__1.C,PLINDER,1.0,"[0.70,1.00]",1.0,1.0,0.3472222222222222,False,False,True,False,True
plinder:4txe__1__1.A__1.B:4txe__1__1.B,PLINDER,1.0,"[0.70,1.00]",0.9278138528138528,0.7591269841269841,0.7723375390042057,False,False,True,False,True
plinder:4u2y__1__1.B__1.D:4u2y__1__1.D,PLINDER,0.6190476190476191,"[0.50,0.70)",0.837161828070919,0.7767416926507835,0.7671424535060899,True,False,True,False,True
plinder:4unq__1__1.A__1.C:4unq__1__1.C,PLINDER,0.25,"[0.00,0.30)",0.9266666666666664,0.9028571428571428,0.6466666666666666,True,False,False,True,True
plinder:4uns__1__1.A__1.C:4uns__1__1.C,PLINDER,0.2985074626865671,"[0.00,0.30)",0.9129251700680272,0.8962585034013604,0.9325396825396826,True,False,False,True,True
plinder:4v59__1__1.E__1.Q:4v59__1__1.Q,PLINDER,1.0,"[0.70,1.00]",0.9786891679748824,0.963156288156288,0.7801096515690111,False,False,True,False,True
plinder:4wy0__1__1.F_1.K__1.DA:4wy0__1__1.DA,PLINDER,1.0,"[0.70,1.00]",1.0,1.0,1.0,False,True,False,False,True
plinder:4x2a__1__1.A_1.B__1.C_1.E:4x2a__1__1.E,PLINDER,0.6842105263157895,"[0.50,0.70)",0.9999999999999998,0.982142857142857,0.5542517006802721,True,False,True,False,True
plinder:4x3l__1__1.A_1.B__1.C:4x3l__1__1.C,PLINDER,1.0,"[0.70,1.00]",0.95,0.95,0.5347222222222222,False,False,True,False,True
plinder:4x3m__1__1.A__1.C:4x3m__1__1.C,PLINDER,1.0,"[0.70,1.00]",0.95,0.95,1.0,False,False,True,False,True
plinder:4x8d__2__1.B__1.T_1.U_1.V:4x8d__2__1.T,PLINDER,1.0,"[0.70,1.00]",1.0,1.0,0.9484126984126984,False,True,False,False,True
plinder:4x8d__2__1.B__1.T_1.U_1.V:4x8d__2__1.U,PLINDER,0.5227272727272727,"[0.50,0.70)",0.6388888888888888,0.5888888888888889,0.4428571428571428,True,False,True,False,True
plinder:4xm6__1__1.A__1.B_1.C:4xm6__1__1.B,PLINDER,0.3666666666666666,"[0.30,0.50)",1.0,1.0,0.7622023809523809,True,False,True,False,True
plinder:4xp1__1__1.A__1.N:4xp1__1__1.N,PLINDER,1.0,"[0.70,1.00]",0.9999999999999998,0.9999999999999998,0.9999999999999998,False,False,True,False,True
plinder:4xp9__1__1.A__1.H:4xp9__1__1.H,PLINDER,1.0,"[0.70,1.00]",1.0,1.0,0.6458333333333333,False,False,True,False,True
plinder:4xph__1__1.A__1.J:4xph__1__1.J,PLINDER,1.0,"[0.70,1.00]",0.8041666666666667,0.8041666666666667,0.6791666666666667,False,False,True,False,True
plinder:4xqc__1__1.B__1.J:4xqc__1__1.J,PLINDER,1.0,"[0.70,1.00]",0.9513755475293936,0.9096736596736597,0.7978544402457444,False,False,True,False,True
plinder:4yco__3__1.C__1.J:4yco__3__1.J,PLINDER,1.0,"[0.70,1.00]",0.8804935804935806,0.9040105727605728,0.9117982711732714,False,False,True,False,True
plinder:4yzl__1__1.A__1.B_1.C:4yzl__1__1.B,PLINDER,1.0,"[0.70,1.00]",1.0,1.0,0.6620509120509122,False,False,True,False,True
plinder:4yzl__1__1.A__1.B_1.C:4yzl__1__1.C,PLINDER,1.0,"[0.70,1.00]",0.9379251700680272,0.9093537414965986,0.7968253968253969,False,True,False,False,True
plinder:4z2j__1__1.A__1.B_1.D:4z2j__1__1.B,PLINDER,0.264,"[0.00,0.30)",0.9704861111111112,0.9526289682539684,0.8477564102564104,True,False,False,True,True
plinder:4z2l__1__1.A__1.B:4z2l__1__1.B,PLINDER,0.3076923076923077,"[0.30,0.50)",0.9809090909090908,0.8655880230880231,0.8098151848151848,True,False,False,True,True
plinder:4zdk__1__1.B_3.A__3.D_3.F:4zdk__1__3.D,PLINDER,1.0,"[0.70,1.00]",0.942135642135642,0.8874592074592075,0.8228968253968253,False,False,True,False,True
plinder:4zed__1__1.A__1.B:4zed__1__1.B,PLINDER,0.3333333333333333,"[0.30,0.50)",0.941940412528648,0.9148905321154126,0.6980924304453716,True,False,False,True,True
plinder:4zmm__1__1.A_1.B__1.C_1.D:4zmm__1__1.C,PLINDER,1.0,"[0.70,1.00]",0.982142857142857,0.947845804988662,0.823469387755102,False,False,True,False,True
plinder:4zmm__1__1.A_1.B__1.C_1.D:4zmm__1__1.D,PLINDER,1.0,"[0.70,1.00]",0.982142857142857,0.9617346938775508,0.8761904761904762,False,False,True,False,True
plinder:4zr5__2__1.A__1.G_1.H:4zr5__2__1.H,PLINDER,1.0,"[0.70,1.00]",0.9502840909090908,0.8647186147186148,0.5262626262626262,False,False,True,False,True
plinder:5a5w__1__1.A__1.B:5a5w__1__1.B,PLINDER,1.0,"[0.70,1.00]",0.984126984126984,0.9760531135531134,0.8355955221003872,False,False,True,False,True
plinder:5a88__4__1.D__1.P_1.Q_1.R:5a88__4__1.P,PLINDER,1.0,"[0.70,1.00]",0.9044753086419752,0.8874298540965209,0.7781356987239341,False,False,True,False,True
plinder:5adv__2__1.C__1.L_1.M_1.N:5adv__2__1.M,PLINDER,1.0,"[0.70,1.00]",0.9028571428571428,0.6087301587301587,0.7416666666666667,False,False,True,False,True
plinder:5adv__2__1.C__1.L_1.M_1.N:5adv__2__1.N,PLINDER,1.0,"[0.70,1.00]",0.9999999999999998,0.9999999999999998,0.9999999999999998,False,False,True,False,True
plinder:5aog__1__1.A__1.D_1.G_1.H:5aog__1__1.H,PLINDER,1.0,"[0.70,1.00]",1.0,1.0,0.5555555555555556,False,False,True,False,True
plinder:5auo__1__1.B_2.B__1.F_1.G:5auo__1__1.F,PLINDER,1.0,"[0.70,1.00]",0.9676989676989678,0.9455657768157768,0.9462703962703964,False,False,True,False,True
plinder:5bs3__1__1.A_1.B__1.I:5bs3__1__1.I,PLINDER,0.2142857142857142,"[0.00,0.30)",1.0,1.0,0.75,True,False,False,True,True
plinder:5buh__1__1.A__1.B:5buh__1__1.B,PLINDER,0.4024390243902439,"[0.30,0.50)",0.9704861111111112,1.0,0.8553436147186148,True,False,False,True,True
plinder:5bvb__1__1.A__1.E:5bvb__1__1.E,PLINDER,1.0,"[0.70,1.00]",0.915079365079365,0.7999999999999999,0.8138888888888889,False,False,True,False,True
plinder:5byr__1__1.A__1.C_1.H:5byr__1__1.H,PLINDER,,unresolved,1.0,1.0,0.5379901960784313,,,,,False
plinder:5bys__1__1.A__1.C_1.H:5bys__1__1.H,PLINDER,,unresolved,1.0,1.0,0.6388888888888888,,,,,False
plinder:5bzb__1__1.C_1.D__1.O:5bzb__1__1.O,PLINDER,1.0,"[0.70,1.00]",0.982142857142857,0.9999999999999998,0.8120490620490619,False,True,False,False,True
plinder:5bzj__1__1.A__1.D_1.E:5bzj__1__1.E,PLINDER,0.25,"[0.00,0.30)",0.95,1.0,0.8303571428571428,True,False,False,True,True
plinder:5bzl__1__1.A__1.D:5bzl__1__1.D,PLINDER,0.3205128205128205,"[0.30,0.50)",0.9999999999999998,0.968253968253968,0.982142857142857,True,False,True,False,True
plinder:5bzm__1__1.A__1.B:5bzm__1__1.B,PLINDER,0.25,"[0.00,0.30)",1.0,1.0,0.6916666666666667,True,False,False,True,True
plinder:5bzn__1__1.A__1.C:5bzn__1__1.C,PLINDER,0.2894736842105263,"[0.00,0.30)",1.0,1.0,0.8303571428571428,True,False,True,False,True
plinder:5bzo__1__1.A__1.B:5bzo__1__1.B,PLINDER,0.3037974683544304,"[0.30,0.50)",1.0,1.0,1.0,True,False,True,False,True
plinder:5bzp__1__1.A__1.B:5bzp__1__1.B,PLINDER,0.32,"[0.30,0.50)",1.0,1.0,0.8761904761904762,True,False,True,False,True
plinder:5bzq__1__1.A__1.B:5bzq__1__1.B,PLINDER,0.2763157894736842,"[0.00,0.30)",1.0,1.0,0.8875,True,False,False,True,True
plinder:5bzt__1__1.A__1.D:5bzt__1__1.D,PLINDER,0.2765957446808511,"[0.00,0.30)",1.0,1.0,0.8528571428571428,True,False,True,False,True
plinder:5c9m__3__1.C__1.K:5c9m__3__1.K,PLINDER,,unresolved,1.0,1.0,1.0,,,,,False
plinder:5cdo__1__1.A_1.C_1.D__1.W:5cdo__1__1.W,PLINDER,0.2602739726027397,"[0.00,0.30)",1.0,0.75,0.8333333333333333,True,False,False,True,True
plinder:5d4u__1__1.C__1.P_1.S:5d4u__1__1.P,PLINDER,1.0,"[0.70,1.00]",0.8242424242424242,0.8809523809523809,0.6193027210884354,False,False,True,False,True
plinder:5d4v__2__1.B__1.I_1.L:5d4v__2__1.I,PLINDER,1.0,"[0.70,1.00]",0.9659090909090908,0.9659090909090908,0.6302579365079365,False,False,True,False,True
plinder:5df1__2__1.B__1.G_1.H:5df1__2__1.G,PLINDER,1.0,"[0.70,1.00]",0.9930555555555556,0.9851190476190476,0.9092160800800508,False,False,True,False,True
plinder:5df1__2__1.B__1.G_1.H:5df1__2__1.H,PLINDER,0.56,"[0.50,0.70)",0.8875,0.95,0.44375,True,True,False,False,True
plinder:5df5__2__1.B__1.G:5df5__2__1.G,PLINDER,,unresolved,1.0,1.0,1.0,,,,,False
plinder:5dqe__2__1.B__1.E:5dqe__2__1.E,PLINDER,0.4761904761904761,"[0.30,0.50)",1.0,1.0,0.325,True,False,True,False,True
plinder:5dw5__1__1.B__1.K:5dw5__1__1.K,PLINDER,0.9166666666666666,"[0.70,1.00]",1.0000000000000002,1.0000000000000002,0.7800102474015518,True,False,True,False,True
plinder:5dw6__1__1.B__1.L:5dw6__1__1.L,PLINDER,0.9166666666666666,"[0.70,1.00]",0.9526289682539684,0.9704861111111112,0.6538949275362319,True,False,True,False,True
plinder:5e6m__1__1.B__1.G:5e6m__1__1.G,PLINDER,1.0,"[0.70,1.00]",0.9659090909090908,0.9472222222222222,0.6814716533466533,False,False,True,False,True
plinder:5eat__1__1.A__1.B_1.C_1.D_1.E:5eat__1__1.E,PLINDER,0.5405405405405406,"[0.50,0.70)",0.9666666666666666,0.9666666666666666,0.6592857142857143,True,True,False,False,True
plinder:5el2__1__1.A__1.E:5el2__1__1.E,PLINDER,1.0,"[0.70,1.00]",1.0,0.9266666666666664,0.8333333333333333,False,False,True,False,True
plinder:5eno__1__1.C__1.G:5eno__1__1.G,PLINDER,0.2446808510638297,"[0.00,0.30)",1.0,1.0,0.874440836940837,True,False,False,True,True
plinder:5enr__1__1.C__1.G:5enr__1__1.G,PLINDER,0.2407407407407407,"[0.00,0.30)",0.906795634920635,0.875545634920635,0.7708333333333333,True,False,False,True,True
plinder:5eq9__1__1.A__1.E:5eq9__1__1.E,PLINDER,1.0,"[0.70,1.00]",0.95,0.95,0.7644230769230769,False,False,True,False,True
plinder:5eqe__1__1.A__1.C:5eqe__1__1.C,PLINDER,0.3846153846153846,"[0.30,0.50)",0.968253968253968,0.9087301587301586,0.7325757575757574,True,False,False,True,True
plinder:5ers__1__1.A_2.A__2.B_2.C:5ers__1__2.B,PLINDER,1.0,"[0.70,1.00]",0.8715488215488216,0.8622895622895623,0.6378889142047037,False,False,True,False,True
plinder:5erv__1__1.A_2.A__1.B_1.C_1.O:5erv__1__1.B,PLINDER,1.0,"[0.70,1.00]",0.9121503496503496,0.9180555555555556,0.6904626367784263,False,False,True,False,True
plinder:5etl__1__1.A__1.J:5etl__1__1.J,PLINDER,1.0,"[0.70,1.00]",1.0,1.0,0.71,False,False,True,False,True
plinder:5ezv__1__1.E__1.K_1.L:5ezv__1__1.K,PLINDER,0.2368421052631578,"[0.00,0.30)",1.0,1.0,1.0,True,False,False,True,True
plinder:5ezv__1__1.E__1.K_1.L:5ezv__1__1.L,PLINDER,0.2368421052631578,"[0.00,0.30)",0.9617346938775508,0.8736394557823128,0.5972789115646258,True,False,False,True,True
plinder:5f2n__1__1.B__1.E_1.F:5f2n__1__1.E,PLINDER,1.0,"[0.70,1.00]",1.0,1.0,0.6246031746031747,False,False,True,False,True
plinder:5f2n__1__1.B__1.E_1.F:5f2n__1__1.F,PLINDER,1.0,"[0.70,1.00]",0.6427579365079364,0.9472222222222222,0.699393315018315,False,True,False,False,True
plinder:5f5x__1__1.A__1.C:5f5x__1__1.C,PLINDER,1.0,"[0.70,1.00]",1.0,0.976190476190476,0.8734126984126983,False,False,True,False,True
plinder:5f9t__2__1.B__1.G:5f9t__2__1.G,PLINDER,1.0,"[0.70,1.00]",1.0,1.0,0.9484126984126984,False,False,True,False,True
plinder:5fa1__1__1.B__1.D:5fa1__1__1.D,PLINDER,1.0,"[0.70,1.00]",0.9598765432098768,0.9555555555555556,0.7669423169423171,False,False,True,False,True
plinder:5fli__2__1.F__1.W_1.X:5fli__2__1.X,PLINDER,1.0,"[0.70,1.00]",0.7151114317780985,0.728030303030303,0.5865347128505023,False,False,True,False,True
plinder:5flj__2__1.L__1.YA_1.ZA:5flj__2__1.ZA,PLINDER,1.0,"[0.70,1.00]",0.9297008547008548,0.8512937679604347,0.5002463041678729,False,False,True,False,True
plinder:5fog__3__1.D__1.M:5fog__3__1.M,PLINDER,1.0,"[0.70,1.00]",1.0000000000000002,1.0000000000000002,0.898589065255732,False,False,True,False,True
plinder:5fra__4__1.D__1.L:5fra__4__1.L,PLINDER,1.0,"[0.70,1.00]",1.0,0.9861111111111112,1.0,False,False,True,False,True
plinder:5fsc__1__2.A__2.D:5fsc__1__2.D,PLINDER,0.4736842105263157,"[0.30,0.50)",1.0,0.8333333333333333,0.8333333333333333,True,False,True,False,True
plinder:5fux__1__1.A__1.C_1.E_1.F:5fux__1__1.F,PLINDER,0.5344827586206896,"[0.50,0.70)",1.0,0.9924242424242424,0.8885224623860988,True,False,True,False,True
plinder:5fuy__1__1.B__1.J_1.K:5fuy__1__1.K,PLINDER,0.5344827586206896,"[0.50,0.70)",0.9777495232040688,0.986013986013986,0.6431308887191238,True,False,True,False,True
plinder:5h41__1__1.A__1.C_1.E_1.F:5h41__1__1.E,PLINDER,1.0,"[0.70,1.00]",0.81,0.8766666666666667,0.5961904761904762,False,False,True,False,True
plinder:5h42__1__1.A__1.C:5h42__1__1.C,PLINDER,1.0,"[0.70,1.00]",0.8860479797979799,0.9007936507936508,0.7732503607503608,False,False,True,False,True
plinder:5h47__10__1.J__1.PB:5h47__10__1.PB,PLINDER,0.6071428571428571,"[0.50,0.70)",1.0,0.9666666666666666,0.8083333333333333,True,False,True,False,True
plinder:5h4j__1__1.A_2.A__2.B:5h4j__1__2.B,PLINDER,0.2926829268292683,"[0.00,0.30)",0.9999999999999998,0.9999999999999998,0.6572871572871573,True,False,False,True,True
plinder:5hcn__1__1.A__1.C_1.D:5hcn__1__1.C,PLINDER,0.8666666666666667,"[0.70,1.00]",0.9866452991452992,0.9880952380952382,0.9193333899216252,True,False,True,False,True
plinder:5hmw__1__1.A__1.D:5hmw__1__1.D,PLINDER,0.6,"[0.50,0.70)",0.9166666666666664,0.876984126984127,0.5929945054945055,True,False,True,False,True
plinder:5hmx__1__1.A__1.D:5hmx__1__1.D,PLINDER,0.4375,"[0.30,0.50)",0.6916666666666667,0.8166666666666667,0.5060876623376623,True,False,True,False,True
plinder:5hmy__1__1.A__1.D:5hmy__1__1.D,PLINDER,0.325,"[0.30,0.50)",0.9293650793650794,0.9704861111111112,0.6500811688311688,True,False,True,False,True
plinder:5hmz__1__1.A__1.D:5hmz__1__1.D,PLINDER,0.3174603174603174,"[0.30,0.50)",0.9433119658119656,0.8987698412698412,0.8638736263736263,True,False,True,False,True
plinder:5i3q__1__1.A__1.D:5i3q__1__1.D,PLINDER,0.2886597938144329,"[0.00,0.30)",0.9283119658119656,0.9351301476301476,0.7831113331113331,True,False,False,True,True
plinder:5id7__1__1.A__1.D:5id7__1__1.D,PLINDER,0.4313725490196078,"[0.30,0.50)",1.0000000000000002,0.8321348404681739,0.6597282347282347,True,False,False,True,True
plinder:5iul__2__1.E__1.P_1.Q:5iul__2__1.P,PLINDER,1.0,"[0.70,1.00]",0.8364448051948052,0.8155143467643468,0.7713789682539683,False,False,True,False,True
plinder:5j1x__1__1.A__1.E:5j1x__1__1.E,PLINDER,0.5957446808510638,"[0.50,0.70)",0.9999999999999998,0.9999999999999998,0.7568027210884354,True,True,False,False,True
plinder:5j3z__2__1.B__1.S:5j3z__2__1.S,PLINDER,0.3037974683544304,"[0.30,0.50)",1.0,1.0,0.7726190476190475,True,False,False,True,True
plinder:5j42__1__1.A__1.C_1.D:5j42__1__1.C,PLINDER,0.4375,"[0.30,0.50)",1.0,1.0,0.7416666666666667,True,False,False,True,True
plinder:5j61__3__1.E_1.F__1.M:5j61__3__1.M,PLINDER,0.7457627118644068,"[0.70,1.00]",0.9526289682539684,0.906795634920635,0.9305555555555556,True,False,True,False,True
plinder:5jau__1__1.A__1.E:5jau__1__1.E,PLINDER,0.2127659574468085,"[0.00,0.30)",0.9809090909090908,0.9263455988455987,0.5210042653425007,True,False,False,True,True
plinder:5jgq__2__1.B__1.D:5jgq__2__1.D,PLINDER,0.673469387755102,"[0.50,0.70)",1.0,1.0,0.6683333333333333,True,False,True,False,True
plinder:5jjr__1__1.A__1.E:5jjr__1__1.E,PLINDER,0.2886597938144329,"[0.00,0.30)",0.9415178571428572,0.9502840909090908,0.8085839598997494,True,False,False,True,True
plinder:5jmy__2__1.B__1.M_1.N:5jmy__2__1.N,PLINDER,0.4,"[0.30,0.50)",1.0,1.0,0.6727616472917225,True,False,True,False,True
plinder:5jqw__1__1.A__1.B:5jqw__1__1.B,PLINDER,1.0,"[0.70,1.00]",0.9254656959202414,0.8485670894761805,0.846146782510419,False,False,True,False,True
plinder:5k5m__1__1.A__1.D:5k5m__1__1.D,PLINDER,0.3382352941176471,"[0.30,0.50)",0.9191718775052108,0.9598765432098768,0.8629370142528039,True,False,False,True,True
plinder:5kv8__1__1.B__1.S:5kv8__1__1.S,PLINDER,0.4558823529411764,"[0.30,0.50)",0.9526289682539684,0.8338789682539682,0.8015241702741702,True,False,False,True,True
plinder:5l58__1__1.A_2.A__1.C_2.C:5l58__1__1.C,PLINDER,0.2272727272727272,"[0.00,0.30)",1.0,1.0,0.8737698412698413,True,False,False,True,True
plinder:5l58__1__1.A_2.A__1.C_2.C:5l58__1__2.C,PLINDER,0.2272727272727272,"[0.00,0.30)",1.0,1.0,0.8737698412698413,True,False,False,True,True
plinder:5l6v__4__1.N_1.P__1.OA:5l6v__4__1.OA,PLINDER,1.0,"[0.70,1.00]",0.9999999999999998,0.9999999999999998,0.9999999999999998,False,False,True,False,True
plinder:5lia__1__1.A__1.D_1.M:5lia__1__1.D,PLINDER,0.2666666666666666,"[0.00,0.30)",1.0,1.0,0.8813339438339437,True,False,False,True,True
plinder:5lrr__1__1.B__1.L:5lrr__1__1.L,PLINDER,1.0,"[0.70,1.00]",0.975,0.9704861111111112,0.8784722222222222,False,True,False,False,True
plinder:5lx6__1__1.A__1.C:5lx6__1__1.C,PLINDER,0.2857142857142857,"[0.00,0.30)",1.0,1.0,0.6882936507936507,True,False,False,True,True
plinder:5m7u__1__1.A_1.B__1.D:5m7u__1__1.D,PLINDER,0.3684210526315789,"[0.30,0.50)",0.941540404040404,1.0,0.7938888888888889,True,False,False,True,True
plinder:5m92__1__1.A__1.D_1.E_1.N:5m92__1__1.N,PLINDER,0.4285714285714285,"[0.30,0.50)",1.0,1.0,0.9861111111111112,True,False,True,False,True
plinder:5ml8__1__1.A__1.B:5ml8__1__1.B,PLINDER,0.5694444444444444,"[0.50,0.70)",0.9533659215320116,0.8712913085462106,0.812528498847614,True,False,False,True,True
plinder:5my0__2__1.D__1.G:5my0__2__1.G,PLINDER,1.0,"[0.70,1.00]",1.0000000000000002,0.9765432098765434,0.5657518407518407,False,False,True,False,True
plinder:5n2v__2__1.E_1.F__1.K_1.L_1.M_1.N:5n2v__2__1.N,PLINDER,1.0,"[0.70,1.00]",0.9484126984126984,0.8734126984126983,0.9305555555555556,False,False,True,False,True
plinder:5np8__1__1.A__1.B:5np8__1__1.B,PLINDER,0.3225806451612903,"[0.30,0.50)",1.0,1.0,0.5,True,False,False,True,True
plinder:5npp__1__1.B__1.O:5npp__1__1.O,PLINDER,0.3043478260869565,"[0.30,0.50)",0.9343434343434344,0.895138888888889,0.9535634118967452,True,False,False,True,True
plinder:5nr3__1__1.A__1.C:5nr3__1__1.C,PLINDER,1.0,"[0.70,1.00]",1.0,1.0,1.0,False,True,False,False,True
plinder:5o22__1__1.A__1.E:5o22__1__1.E,PLINDER,1.0,"[0.70,1.00]",1.0,1.0,0.7069805194805194,False,False,True,False,True
plinder:5oah__1__1.A__1.D_1.E:5oah__1__1.E,PLINDER,1.0,"[0.70,1.00]",0.8761904761904762,0.7295238095238095,0.7611111111111111,False,False,True,False,True
plinder:5odc__1__1.A_1.G__1.SA:5odc__1__1.SA,PLINDER,1.0,"[0.70,1.00]",0.990052883404684,0.9853041695146958,0.6944110367794578,False,False,True,False,True
plinder:5odi__1__1.A_1.G__1.N:5odi__1__1.N,PLINDER,1.0,"[0.70,1.00]",0.981888544891641,0.972840802987862,0.772279758205542,False,False,True,False,True
plinder:5oef__2__1.B__1.K_1.L:5oef__2__1.K,PLINDER,,unresolved,1.0,1.0,0.6388888888888888,,,,,False
plinder:5oju__1__2.B__2.K:5oju__1__2.K,PLINDER,1.0,"[0.70,1.00]",0.88658810325477,0.9361111111111112,0.7040274540274541,True,False,True,False,True
plinder:5oo2__1__2.B__2.P:5oo2__1__2.P,PLINDER,0.5853658536585366,"[0.50,0.70)",0.9583333333333331,0.9583333333333331,0.632936507936508,True,False,True,False,True
plinder:5ost__1__1.A__1.P:5ost__1__1.P,PLINDER,0.3023255813953488,"[0.30,0.50)",0.9040178571428572,0.8500962885154062,0.7316964285714286,True,False,True,False,True
plinder:5qgm__1__1.A__1.F:5qgm__1__1.F,PLINDER,0.359375,"[0.30,0.50)",0.8303571428571428,0.8214285714285714,0.2521103896103896,True,False,False,True,True
plinder:5qpg__1__2.A__2.H:5qpg__1__2.H,PLINDER,0.4864864864864865,"[0.30,0.50)",0.6388888888888888,0.5317460317460317,0.7555555555555555,True,False,False,True,True
plinder:5qto__1__1.A_1.B__1.H:5qto__1__1.H,PLINDER,0.2407407407407407,"[0.00,0.30)",1.0,1.0,0.9166666666666664,True,False,False,True,True
plinder:5qtp__1__1.A_1.B__1.G:5qtp__1__1.G,PLINDER,0.3090909090909091,"[0.30,0.50)",1.0,1.0,0.9166666666666664,True,False,True,False,True
plinder:5rm2__2__1.B__1.H_1.M_1.N:5rm2__2__1.H,PLINDER,0.3548387096774194,"[0.30,0.50)",1.0,1.0,0.7392857142857143,True,False,False,True,True
plinder:5slg__1__1.A__1.G:5slg__1__1.G,PLINDER,0.3333333333333333,"[0.30,0.50)",0.9666666666666666,1.0,0.6861904761904761,True,False,True,False,True
plinder:5sun__1__1.A_1.B__1.D_1.J:5sun__1__1.D,PLINDER,0.3918918918918919,"[0.30,0.50)",1.0,1.0,0.5392857142857143,True,False,False,True,True
plinder:5sun__1__1.A_1.B__1.D_1.J:5sun__1__1.J,PLINDER,0.3918918918918919,"[0.30,0.50)",1.0,1.0,0.4587842712842712,True,False,False,True,True
plinder:5svf__2__1.C__1.L:5svf__2__1.L,PLINDER,0.2857142857142857,"[0.00,0.30)",0.9617346938775508,0.9999999999999998,0.7036023500309214,True,False,False,True,True
plinder:5t2p__1__1.A__1.G:5t2p__1__1.G,PLINDER,0.2903225806451613,"[0.00,0.30)",0.9166666666666664,0.8055555555555556,0.25,True,False,False,True,True
plinder:5t64__1__1.B__1.M:5t64__1__1.M,PLINDER,1.0,"[0.70,1.00]",1.0,1.0,0.7042395104895105,False,False,True,False,True
plinder:5tiy__1__1.A__1.C:5tiy__1__1.C,PLINDER,0.375,"[0.30,0.50)",0.9107142857142856,0.7166666666666667,0.6287397787397787,True,False,False,True,True
plinder:5u1w__1__1.A_2.A_3.A__3.E:5u1w__1__3.E,PLINDER,0.2727272727272727,"[0.00,0.30)",0.9467813051146384,0.7856701940035274,0.6348663681997015,True,False,False,True,True
plinder:5u1x__1__1.A_3.A__1.E:5u1x__1__1.E,PLINDER,0.2763157894736842,"[0.00,0.30)",1.0,1.0,0.6591869935619936,True,False,False,True,True
plinder:5u1y__1__1.A_2.A__2.E:5u1y__1__2.E,PLINDER,0.3559322033898305,"[0.30,0.50)",0.7996031746031745,0.8972222222222221,0.4689393939393939,True,False,False,True,True
plinder:5u8z__1__1.D__1.O_1.P:5u8z__1__1.P,PLINDER,0.4827586206896552,"[0.30,0.50)",0.9067956349206348,0.9317956349206348,0.908531746031746,True,False,True,False,True
plinder:5ufi__3__1.C__1.G:5ufi__3__1.G,PLINDER,0.2568807339449541,"[0.00,0.30)",1.0,1.0,0.7891558441558442,True,False,False,True,True
plinder:5uj7__1__1.C__1.K:5uj7__1__1.K,PLINDER,1.0,"[0.70,1.00]",0.8480341880341881,0.8032223280675292,0.9113888888888888,False,False,True,False,True
plinder:5us1__4__1.G__1.X:5us1__4__1.X,PLINDER,1.0,"[0.70,1.00]",0.6071428571428572,0.6104166666666666,0.6845238095238095,False,False,True,False,True
plinder:5uy8__1__1.A_1.B__1.G:5uy8__1__1.G,PLINDER,1.0,"[0.70,1.00]",0.9193333899216254,0.9176679801679803,0.9281746031746032,False,False,True,False,True
plinder:5uz0__1__1.A_1.B__1.F:5uz0__1__1.F,PLINDER,1.0,"[0.70,1.00]",0.9437441643323996,0.957900432900433,0.9206557116773836,False,False,True,False,True
plinder:5v3a__2__2.C_3.C_3.D__3.L:5v3a__2__3.L,PLINDER,1.0,"[0.70,1.00]",0.9777495232040688,0.8845566050111504,0.8792790542790543,False,False,True,False,True
plinder:5v3x__1__1.A__1.C:5v3x__1__1.C,PLINDER,0.2911392405063291,"[0.00,0.30)",0.906795634920635,0.9704861111111112,0.8895833333333334,True,False,False,True,True
plinder:5v3y__1__1.A__1.C:5v3y__1__1.C,PLINDER,0.3114754098360656,"[0.30,0.50)",0.9809090909090908,0.9105880230880232,0.8952888777888778,True,False,False,True,True
plinder:5vr7__1__1.A_1.B__1.C:5vr7__1__1.C,PLINDER,0.3013698630136986,"[0.30,0.50)",0.7559002725669394,0.8984928651595321,0.7847222222222223,True,False,False,True,True
plinder:5vro__1__1.A_1.B__1.C:5vro__1__1.C,PLINDER,0.3013698630136986,"[0.30,0.50)",0.7968253968253969,0.8857142857142857,0.6633786848072563,True,False,False,True,True
plinder:5vsj__1__1.B__1.E:5vsj__1__1.E,PLINDER,0.4888888888888889,"[0.30,0.50)",0.828023743932835,0.8726518431063887,0.8988029647120557,True,False,True,False,True
plinder:5vt4__1__1.A__1.E:5vt4__1__1.E,PLINDER,0.5238095238095238,"[0.50,0.70)",0.9061956017838372,0.8507725180802104,0.8007161641777027,True,False,True,False,True
plinder:5wgt__2__1.A_2.A__1.O:5wgt__2__1.O,PLINDER,1.0,"[0.70,1.00]",0.95,1.0,0.5909090909090908,False,False,True,False,True
plinder:5wgu__1__1.A__1.N:5wgu__1__1.N,PLINDER,1.0,"[0.70,1.00]",1.0,1.0,0.7309598734598735,False,False,True,False,True
plinder:5wgz__1__1.A__1.P:5wgz__1__1.P,PLINDER,0.7704918032786885,"[0.70,1.00]",0.9010416666666666,0.6529227716727717,0.5029040404040404,True,False,True,False,True
plinder:5x72__1__1.A__1.B_1.C:5x72__1__1.B,PLINDER,0.3061224489795918,"[0.30,0.50)",1.0,1.0,0.7900501014137378,True,False,False,True,True
plinder:5x72__1__1.A__1.B_1.C:5x72__1__1.C,PLINDER,0.3061224489795918,"[0.30,0.50)",0.9060405643738978,0.7715087381754049,0.6705307038640371,True,False,False,True,True
plinder:5xjd__1__1.A_1.B__1.C:5xjd__1__1.C,PLINDER,0.4642857142857143,"[0.30,0.50)",0.9999999999999998,0.9999999999999998,0.9999999999999998,True,False,False,True,True
plinder:5xmp__1__1.A_1.B__1.G_1.H:5xmp__1__1.G,PLINDER,1.0,"[0.70,1.00]",0.9653513153513152,0.9701923076923076,0.7152792207924383,False,False,True,False,True
plinder:5xmp__1__1.A_1.B__1.G_1.H:5xmp__1__1.H,PLINDER,0.5647058823529412,"[0.50,0.70)",0.9666666666666666,0.9266666666666664,0.6476190476190475,True,False,False,True,True
plinder:5xpi__1__1.A__1.B:5xpi__1__1.B,PLINDER,0.2333333333333333,"[0.00,0.30)",0.9266666666666664,0.9266666666666664,0.6783333333333332,True,False,False,True,True
plinder:5y4z__1__1.A__1.B_1.C:5y4z__1__1.B,PLINDER,1.0,"[0.70,1.00]",0.9765432098765432,0.9797979797979798,0.9575757575757576,False,False,True,False,True
plinder:5yea__2__1.B__1.G:5yea__2__1.G,PLINDER,0.375,"[0.30,0.50)",0.9723443223443222,0.9787545787545786,0.8229529583036368,True,False,False,True,True
plinder:5yij__1__1.A_1.C__1.E:5yij__1__1.E,PLINDER,1.0,"[0.70,1.00]",0.975068870523416,0.9841597796143252,0.8542535747081202,False,False,True,False,True
plinder:5yjo__1__1.A__1.E_1.F:5yjo__1__1.E,PLINDER,0.28125,"[0.00,0.30)",0.95,0.95,0.1906468531468531,True,False,False,True,True
plinder:5yjo__1__1.A__1.E_1.F:5yjo__1__1.F,PLINDER,1.0,"[0.70,1.00]",0.968253968253968,0.9571428571428572,0.6564935064935065,False,False,True,False,True
plinder:5ylt__1__1.A__1.C:5ylt__1__1.C,PLINDER,0.3191489361702128,"[0.30,0.50)",0.9999999999999998,0.9999999999999998,0.5222523508237794,True,False,False,True,True
plinder:5zdq__1__2.A__2.E_2.F_2.G_2.H:5zdq__1__2.H,PLINDER,0.38,"[0.30,0.50)",0.875545634920635,0.9260416666666668,0.8635912698412699,True,False,True,False,True
plinder:5zq7__1__1.A_1.B__1.E:5zq7__1__1.E,PLINDER,1.0,"[0.70,1.00]",0.9387412587412588,0.8486796536796537,0.9017045454545456,False,False,True,False,True
plinder:6a8p__3__1.C__1.F:6a8p__3__1.F,PLINDER,1.0,"[0.70,1.00]",0.9093537414965986,0.9617346938775512,1.0,False,False,True,False,True
plinder:6a9a__1__1.A_2.A__2.C_2.D:6a9a__1__2.C,PLINDER,1.0,"[0.70,1.00]",0.9833333333333332,0.9833333333333332,0.8480122655122654,False,False,True,False,True
plinder:6a9a__1__1.A_2.A__2.C_2.D:6a9a__1__2.D,PLINDER,1.0,"[0.70,1.00]",0.9674523007856344,0.8287054992937346,0.905747030747031,False,False,True,False,True
plinder:6apl__1__1.A__1.G:6apl__1__1.G,PLINDER,1.0,"[0.70,1.00]",1.0,1.0,0.9519230769230768,False,False,True,False,True
plinder:6apw__1__1.A__1.B:6apw__1__1.B,PLINDER,0.4677419354838709,"[0.30,0.50)",0.7982503607503608,0.8644345238095239,0.6290211901624945,True,False,False,True,True
plinder:6aqn__1__1.A__1.B:6aqn__1__1.B,PLINDER,0.3448275862068966,"[0.30,0.50)",1.0,1.0,0.9305555555555556,True,False,True,False,True
plinder:6au0__1__1.A__1.B:6au0__1__1.B,PLINDER,0.3061224489795918,"[0.30,0.50)",0.887820512820513,0.7549149289345369,0.799551066217733,True,False,True,False,True
plinder:6b24__1__1.A_1.B_1.C__1.H:6b24__1__1.H,PLINDER,1.0,"[0.70,1.00]",0.9484126984126984,0.9484126984126984,0.9305555555555556,False,False,True,False,True
plinder:6b2a__1__1.A_1.B_1.C__1.I_1.L:6b2a__1__1.I,PLINDER,1.0,"[0.70,1.00]",1.0,1.0,0.8954648526077096,False,False,True,False,True
plinder:6b2a__1__1.A_1.B_1.C__1.I_1.L:6b2a__1__1.L,PLINDER,1.0,"[0.70,1.00]",1.0,1.0,0.8055555555555556,False,False,True,False,True
plinder:6b63__1__1.A_1.B__1.D_1.E_1.F_1.I_1.L:6b63__1__1.L,PLINDER,1.0,"[0.70,1.00]",1.0,1.0,0.6861904761904762,True,True,False,False,True
plinder:6bjo__1__1.B__1.D:6bjo__1__1.D,PLINDER,0.3595505617977528,"[0.30,0.50)",0.9535634118967452,0.9395773979107314,0.9436868686868688,True,False,False,True,True
plinder:6bkz__1__1.A_1.B__1.D:6bkz__1__1.D,PLINDER,0.2872340425531915,"[0.00,0.30)",1.0,1.0,0.6920700644384855,True,False,False,True,True
plinder:6bo6__1__3.A__3.B:6bo6__1__3.B,PLINDER,1.0,"[0.70,1.00]",0.8996913580246915,0.7868706910373577,0.6642094017094018,False,False,True,False,True
plinder:6bsl__1__1.A__1.D_1.F:6bsl__1__1.F,PLINDER,1.0,"[0.70,1.00]",0.9333333333333332,0.8617424242424242,0.825925925925926,False,False,True,False,True
plinder:6btn__1__1.A__1.C_1.D_1.F:6btn__1__1.F,PLINDER,0.2676056338028169,"[0.00,0.30)",1.0,1.0,0.6074786324786324,True,False,False,True,True
plinder:6bto__1__1.A__1.D_1.F:6bto__1__1.F,PLINDER,0.3580246913580246,"[0.30,0.50)",0.968253968253968,0.8520408163265305,0.5850649350649351,True,False,False,True,True
plinder:6btp__1__1.A__1.D_1.F:6btp__1__1.F,PLINDER,0.3294117647058823,"[0.30,0.50)",0.9266666666666666,0.8766666666666667,0.4383333333333333,True,False,False,True,True
plinder:6c0m__1__1.B__1.R:6c0m__1__1.R,PLINDER,0.3698630136986301,"[0.30,0.50)",0.9999999999999998,0.968253968253968,0.982142857142857,True,False,False,True,True
plinder:6cfc__1__1.A__1.B:6cfc__1__1.B,PLINDER,1.0,"[0.70,1.00]",0.8911206077872746,0.865299823633157,0.8760461760461762,False,False,True,False,True
plinder:6cin__2__1.D__1.CA_1.DA:6cin__2__1.CA,PLINDER,1.0,"[0.70,1.00]",0.8725860168705564,0.9215443502038896,0.79396145918495,False,False,True,False,True
plinder:6cip__2__1.D__1.CA_1.DA:6cip__2__1.CA,PLINDER,1.0,"[0.70,1.00]",0.9125755834579364,0.9441713463694889,0.7203453317072244,False,False,True,False,True
plinder:6cq8__1__1.A__1.H:6cq8__1__1.H,PLINDER,0.32,"[0.30,0.50)",0.9175824175824177,0.9113636363636366,0.6841829466829468,True,False,True,False,True
plinder:6cq9__1__1.A__1.F:6cq9__1__1.F,PLINDER,0.3448275862068966,"[0.30,0.50)",0.8388888888888888,0.789766081871345,0.5310897435897436,True,False,False,True,True
plinder:6dft__2__1.E_1.F_1.G_1.H__1.T_1.U:6dft__2__1.T,PLINDER,1.0,"[0.70,1.00]",0.9530525030525032,0.805462592962593,0.6851769758019759,False,False,True,False,True
plinder:6dft__2__1.E_1.F_1.G_1.H__1.T_1.U:6dft__2__1.U,PLINDER,1.0,"[0.70,1.00]",0.9476027189185084,0.9204944568102462,0.7797696007696008,False,False,True,False,True
plinder:6e07__4__1.F__1.QA:6e07__4__1.QA,PLINDER,1.0,"[0.70,1.00]",1.0,1.0,0.9072838777384232,False,False,True,False,True
plinder:6e08__1__1.A__1.B:6e08__1__1.B,PLINDER,1.0,"[0.70,1.00]",1.0,1.0,0.9140262515262516,False,False,True,False,True
plinder:6e1a__1__1.A__1.B_1.C_1.G:6e1a__1__1.B,PLINDER,0.2336448598130841,"[0.00,0.30)",0.7895833333333333,0.6886729691876751,0.5447039072039073,True,False,False,True,True
plinder:6e1a__1__1.A__1.B_1.C_1.G:6e1a__1__1.C,PLINDER,,unresolved,0.95,1.0,0.8875,,,,,False
plinder:6e6i__1__1.F_1.G_2.G__2.V_2.W:6e6i__1__2.W,PLINDER,0.375,"[0.30,0.50)",0.9653679653679654,0.986013986013986,0.8470181333817698,True,False,True,False,True
plinder:6el3__3__1.A__1.G:6el3__3__1.G,PLINDER,1.0,"[0.70,1.00]",0.995238095238095,0.9999999999999998,0.8151068002958759,False,False,True,False,True
plinder:6eut__1__1.A__1.C:6eut__1__1.C,PLINDER,0.2439024390243902,"[0.00,0.30)",1.0000000000000002,0.9626543209876546,0.8223375390042058,True,False,False,True,True
plinder:6ex0__1__2.B__2.D:6ex0__1__2.D,PLINDER,1.0,"[0.70,1.00]",0.9999999999999998,0.9650528043385184,0.927526243597672,False,False,True,False,True
plinder:6f22__1__1.A__1.C:6f22__1__1.C,PLINDER,0.2413793103448276,"[0.00,0.30)",0.8666666666666667,0.7222222222222222,0.4027777777777778,True,False,False,True,True
plinder:6f5w__1__1.B__1.HA:6f5w__1__1.HA,PLINDER,0.5333333333333333,"[0.50,0.70)",1.0,1.0,0.8166666666666667,True,False,True,False,True
plinder:6f83__1__1.A__1.C:6f83__1__1.C,PLINDER,0.388235294117647,"[0.30,0.50)",1.0,1.0,0.9761904761904762,True,False,False,True,True
plinder:6fgx__1__1.A__1.C_1.D:6fgx__1__1.D,PLINDER,1.0,"[0.70,1.00]",1.0,1.0,0.9029761904761904,False,False,True,False,True
plinder:6fhy__1__1.A__1.C:6fhy__1__1.C,PLINDER,0.4888888888888889,"[0.30,0.50)",1.0,1.0,0.8666666666666667,True,False,True,False,True
plinder:6fl8__1__1.A__1.C_1.D_1.E_1.G:6fl8__1__1.C,PLINDER,0.3611111111111111,"[0.30,0.50)",1.0,1.0,0.8178571428571427,True,False,False,True,True
plinder:6fl8__1__1.A__1.C_1.D_1.E_1.G:6fl8__1__1.D,PLINDER,1.0,"[0.70,1.00]",0.932426948051948,0.9159722222222222,0.9704861111111112,False,False,True,False,True
plinder:6fl8__2__1.B__1.J_1.K_1.L:6fl8__2__1.J,PLINDER,1.0,"[0.70,1.00]",0.9086435786435788,0.9208444333444332,0.8813455988455988,False,False,True,False,True
plinder:6flu__1__1.B__1.R:6flu__1__1.R,PLINDER,1.0,"[0.70,1.00]",1.0,1.0,0.9028571428571428,False,False,True,False,True
plinder:6fns__2__1.B__1.E:6fns__2__1.E,PLINDER,0.25,"[0.00,0.30)",0.8690476190476191,0.9129251700680272,0.7958333333333332,True,False,False,True,True
plinder:6fnt__2__1.B__1.D:6fnt__2__1.D,PLINDER,0.2653061224489796,"[0.00,0.30)",0.9861111111111112,1.0,0.8479166666666667,True,False,False,True,True
plinder:6g27__1__1.A__1.B:6g27__1__1.B,PLINDER,0.3181818181818182,"[0.30,0.50)",1.0,1.0,0.81,True,False,False,True,True
plinder:6g3y__1__1.A__1.D:6g3y__1__1.D,PLINDER,0.3378378378378378,"[0.30,0.50)",0.9999999999999998,0.982142857142857,0.8510313216195569,True,False,False,True,True
plinder:6gbx__1__1.A__1.D_1.F:6gbx__1__1.F,PLINDER,0.2921348314606741,"[0.00,0.30)",1.0,1.0,0.3055555555555556,True,False,False,True,True
plinder:6gw2__1__1.A__1.C:6gw2__1__1.C,PLINDER,1.0,"[0.70,1.00]",0.8875,0.8875,0.5333333333333333,False,False,True,False,True
plinder:6gw4__1__1.A__1.B:6gw4__1__1.B,PLINDER,1.0,"[0.70,1.00]",0.9379251700680272,0.9999999999999998,0.5618274582560296,False,False,True,False,True
plinder:6gwv__3__1.O_1.P__1.CA:6gwv__3__1.CA,PLINDER,1.0,"[0.70,1.00]",0.9909090909090909,0.9833333333333332,0.7322619047619048,False,False,True,False,True
plinder:6gy9__1__1.A_1.B__1.C:6gy9__1__1.C,PLINDER,0.3902439024390244,"[0.30,0.50)",1.0,1.0,1.0,True,False,False,True,True
plinder:6h6m__1__1.C_1.D__1.X:6h6m__1__1.X,PLINDER,1.0,"[0.70,1.00]",0.976190476190476,0.976190476190476,0.688131313131313,False,False,True,False,True
plinder:6h7e__1__1.A__1.C:6h7e__1__1.C,PLINDER,1.0,"[0.70,1.00]",1.0,1.0,0.9107142857142856,False,False,True,False,True
plinder:6hbz__1__1.A_1.B__1.C_1.D:6hbz__1__1.C,PLINDER,1.0,"[0.70,1.00]",1.0,0.9666666666666666,1.0,False,False,True,False,True
plinder:6hbz__1__1.A_1.B__1.C_1.D:6hbz__1__1.D,PLINDER,1.0,"[0.70,1.00]",1.0,1.0,0.8178571428571427,False,False,True,False,True
plinder:6hph__1__1.A__1.B_1.C:6hph__1__1.B,PLINDER,1.0,"[0.70,1.00]",0.9787545787545786,0.9504524886877828,0.9575081780964132,False,False,True,False,True
plinder:6hso__1__1.A_2.A__1.L_1.M_1.N:6hso__1__1.N,PLINDER,1.0,"[0.70,1.00]",0.9659090909090908,0.9659090909090908,0.9415178571428572,False,False,True,False,True
plinder:6hto__1__1.B__1.O_1.P_1.Q:6hto__1__1.Q,PLINDER,0.7111111111111111,"[0.70,1.00]",0.9028571428571428,0.9266666666666664,0.8444444444444443,True,False,True,False,True
plinder:6hvh__1__1.A__1.B_1.C:6hvh__1__1.B,PLINDER,0.2990654205607476,"[0.00,0.30)",0.8260204081632654,0.982142857142857,0.770439084724799,True,False,False,True,True
plinder:6hvj__1__1.A__1.B:6hvj__1__1.B,PLINDER,0.2197802197802197,"[0.00,0.30)",0.7166666666666667,0.9150793650793648,0.4956709956709956,True,False,False,True,True
plinder:6i1g__2__1.B__1.D:6i1g__2__1.D,PLINDER,1.0,"[0.70,1.00]",0.9063455988455988,0.9063455988455988,0.9525,False,False,True,False,True
plinder:6i1h__2__1.B__1.D:6i1h__2__1.D,PLINDER,1.0,"[0.70,1.00]",0.9451515151515152,0.9651515151515152,0.9451515151515152,False,False,True,False,True
plinder:6i35__2__1.C__1.N_1.P:6i35__2__1.N,PLINDER,1.0,"[0.70,1.00]",0.8782627865961199,0.8691718775052109,0.8171075837742505,False,False,True,False,True
plinder:6i6x__2__1.B__1.S:6i6x__2__1.S,PLINDER,0.5217391304347826,"[0.50,0.70)",1.0,1.0,0.9769230769230768,True,False,False,True,True
plinder:6iik__1__1.B__1.D:6iik__1__1.D,PLINDER,0.7555555555555555,"[0.70,1.00]",0.5833333333333333,0.5833333333333333,0.1825396825396825,True,False,False,True,True
plinder:6iil__1__1.B__1.D:6iil__1__1.D,PLINDER,1.0,"[0.70,1.00]",1.0,0.9666666666666666,0.2946320346320346,False,False,True,False,True
plinder:6imj__1__1.A__1.E_1.G_1.H:6imj__1__1.E,PLINDER,1.0,"[0.70,1.00]",0.9909090909090909,0.9697979797979798,0.6989177489177489,False,False,True,False,True
plinder:6jd5__2__1.B__1.E_1.F:6jd5__2__1.E,PLINDER,1.0,"[0.70,1.00]",1.0000000000000002,1.0000000000000002,0.97979797979798,False,False,True,False,True
plinder:6kal__1__1.A__1.G_1.H:6kal__1__1.G,PLINDER,1.0,"[0.70,1.00]",0.976190476190476,0.9484126984126984,0.6570818070818071,False,False,True,False,True
plinder:6kx8__2__1.B__1.D:6kx8__2__1.D,PLINDER,0.5571428571428572,"[0.50,0.70)",0.9809090909090908,0.9909090909090909,0.8045887445887445,True,False,False,True,True
plinder:6l3r__1__1.A__1.E:6l3r__1__1.E,PLINDER,0.4268292682926829,"[0.30,0.50)",0.9761904761904762,0.9305555555555556,0.7342592592592592,True,False,False,True,True
plinder:6lel__1__1.A_2.B__1.C:6lel__1__1.C,PLINDER,0.3684210526315789,"[0.30,0.50)",0.941540404040404,0.8233658008658008,0.791024531024531,True,False,True,False,True
plinder:6lfr__1__1.A__1.B:6lfr__1__1.B,PLINDER,1.0,"[0.70,1.00]",0.9333765771265772,0.919772126022126,0.7602957227957229,False,False,True,False,True
plinder:6lft__1__1.A__1.B_1.C:6lft__1__1.C,PLINDER,1.0,"[0.70,1.00]",0.9453444703444706,0.8924674862174863,0.7167421497584541,False,False,True,False,True
plinder:6lil__1__1.B__1.K:6lil__1__1.K,PLINDER,0.373134328358209,"[0.30,0.50)",1.0,1.0,1.0,True,False,False,True,True
plinder:6m3z__1__1.A_1.B_1.C__1.E_1.L:6m3z__1__1.L,PLINDER,1.0,"[0.70,1.00]",1.0,1.0,1.0,False,False,True,False,True
plinder:6m47__1__1.A__1.G:6m47__1__1.G,PLINDER,1.0,"[0.70,1.00]",1.0,1.0,0.8773809523809524,False,False,True,False,True
plinder:6mcj__1__1.A__1.C:6mcj__1__1.C,PLINDER,1.0,"[0.70,1.00]",1.0,1.0,0.8055555555555556,False,False,True,False,True
plinder:6ms8__1__1.A__1.I:6ms8__1__1.I,PLINDER,1.0,"[0.70,1.00]",1.0,0.931795634920635,0.7478375790875791,False,False,True,False,True
plinder:6mx3__1__1.A_1.B__1.C_1.D:6mx3__1__1.C,PLINDER,0.303030303030303,"[0.30,0.50)",1.0,1.0,0.6994047619047619,True,False,False,True,True
plinder:6mx3__1__1.A_1.B__1.C_1.D:6mx3__1__1.D,PLINDER,0.303030303030303,"[0.30,0.50)",1.0,1.0,0.6878306878306878,True,False,False,True,True
plinder:6o9x__1__1.A__1.B:6o9x__1__1.B,PLINDER,0.3134328358208955,"[0.30,0.50)",1.0,1.0,1.0,True,False,False,True,True
plinder:6oa1__1__1.A__1.B:6oa1__1__1.B,PLINDER,0.2835820895522388,"[0.00,0.30)",1.0,0.9166666666666664,0.5916666666666666,True,False,False,True,True
plinder:6oa3__1__1.A__1.B:6oa3__1__1.B,PLINDER,0.2297297297297297,"[0.00,0.30)",1.0,1.0,0.7,True,False,False,True,True
plinder:6oug__1__1.A_1.B_1.C_1.D__1.I:6oug__1__1.I,PLINDER,0.1764705882352941,"[0.00,0.30)",1.0,1.0,0.4303571428571429,True,False,False,True,True
plinder:6pai__1__1.B_1.C__1.G:6pai__1__1.G,PLINDER,0.3442622950819672,"[0.30,0.50)",1.0,1.0,0.5125017839303554,True,False,True,False,True
plinder:6pe3__1__1.A__1.B:6pe3__1__1.B,PLINDER,1.0,"[0.70,1.00]",0.9999999999999998,0.9999999999999998,0.6559523809523808,False,False,True,False,True
plinder:6peu__1__1.A_1.E__1.I_1.J_1.K:6peu__1__1.I,PLINDER,1.0,"[0.70,1.00]",0.9626543209876546,0.9626543209876546,0.91820987654321,False,False,True,False,True
plinder:6pgu__1__1.A__1.C:6pgu__1__1.C,PLINDER,1.0,"[0.70,1.00]",0.7905233655233656,0.7996503496503496,0.6801182099634112,False,False,True,False,True
plinder:6pia__1__1.A_1.B__1.J_1.L_1.Q:6pia__1__1.Q,PLINDER,0.52,"[0.50,0.70)",0.8357142857142856,0.9333333333333332,0.4973544973544974,True,True,False,False,True
plinder:6pyy__1__1.D__1.P:6pyy__1__1.P,PLINDER,1.0,"[0.70,1.00]",1.0,1.0,0.9704861111111112,False,False,True,False,True
plinder:6qpl__1__1.A__1.E_1.F:6qpl__1__1.F,PLINDER,0.2987012987012987,"[0.00,0.30)",1.0,0.8541666666666666,0.3946428571428572,True,False,False,True,True
plinder:6qvg__1__1.A_1.B__1.L:6qvg__1__1.L,PLINDER,0.5714285714285714,"[0.50,0.70)",0.9107142857142856,0.8178571428571427,0.7884920634920635,True,False,False,True,True
plinder:6r4g__1__1.B__1.F_1.G:6r4g__1__1.F,PLINDER,1.0,"[0.70,1.00]",0.9571428571428572,0.9404761904761902,0.8715213358070499,False,False,True,False,True
plinder:6r4j__1__1.B__1.G_1.H:6r4j__1__1.G,PLINDER,1.0,"[0.70,1.00]",0.9484126984126984,0.9305555555555556,0.6453703703703705,False,False,True,False,True
plinder:6rms__1__1.A_2.A__2.E_2.F:6rms__1__2.E,PLINDER,1.0,"[0.70,1.00]",0.9484126984126984,0.8857142857142857,0.6746031746031745,False,False,True,False,True
plinder:6t7g__2__1.B__1.L_1.M:6t7g__2__1.L,PLINDER,1.0,"[0.70,1.00]",0.8075757575757575,0.8766233766233765,0.5703703703703704,False,False,True,False,True
plinder:6tez__1__1.A__1.C_1.I:6tez__1__1.C,PLINDER,1.0,"[0.70,1.00]",0.8610028860028861,0.8960844710844712,0.7543404827495737,False,False,True,False,True
plinder:6tlk__2__1.D__1.R:6tlk__2__1.R,PLINDER,1.0,"[0.70,1.00]",1.0,0.9761904761904762,0.9484126984126984,False,False,True,False,True
plinder:6tn2__1__1.A__1.B:6tn2__1__1.B,PLINDER,0.3793103448275862,"[0.30,0.50)",1.0000000000000002,0.9603174603174603,1.0000000000000002,True,False,True,False,True
plinder:6u5y__2__1.B__1.D:6u5y__2__1.D,PLINDER,0.2421052631578947,"[0.00,0.30)",1.0,1.0,0.531784188034188,True,False,False,True,True
plinder:6uik__1__1.A__1.C:6uik__1__1.C,PLINDER,0.2682926829268293,"[0.00,0.30)",0.8528571428571428,0.9428571428571428,0.5493939393939393,True,False,False,True,True
plinder:6ujj__1__1.A__1.B:6ujj__1__1.B,PLINDER,0.3055555555555556,"[0.30,0.50)",1.0,1.0,0.6428571428571428,True,False,False,True,True
plinder:6uux__1__1.A__1.C:6uux__1__1.C,PLINDER,0.28,"[0.00,0.30)",1.0,0.899440836940837,0.7709145021645021,True,False,False,True,True
plinder:6w8z__1__1.A__1.E:6w8z__1__1.E,PLINDER,0.3877551020408163,"[0.30,0.50)",1.0,1.0,0.9617346938775512,True,False,False,True,True
plinder:6wk8__1__1.A_1.B_1.D__1.F:6wk8__1__1.F,PLINDER,1.0,"[0.70,1.00]",1.0,1.0,0.95,True,True,False,False,True
plinder:6wk9__2__1.E_1.F_1.G__1.Q_1.R_1.U_1.V:6wk9__2__1.Q,PLINDER,1.0,"[0.70,1.00]",0.6912698412698411,0.8412698412698412,0.6906084656084656,False,False,True,False,True
plinder:6wk9__2__1.E_1.F_1.G__1.Q_1.R_1.U_1.V:6wk9__2__1.R,PLINDER,0.6428571428571429,"[0.50,0.70)",0.9666666666666666,0.9428571428571428,0.7592857142857143,True,True,False,False,True
plinder:6wk9__2__1.E_1.F_1.G__1.Q_1.R_1.U_1.V:6wk9__2__1.U,PLINDER,1.0,"[0.70,1.00]",1.0,1.0,1.0,False,False,True,False,True
plinder:6wk9__2__1.E_1.F_1.G__1.Q_1.R_1.U_1.V:6wk9__2__1.V,PLINDER,0.6428571428571429,"[0.50,0.70)",1.0,1.0,1.0,True,True,False,False,True
plinder:6wqt__1__1.A__1.C:6wqt__1__1.C,PLINDER,0.282051282051282,"[0.00,0.30)",0.9999999999999998,0.968253968253968,0.5632129774986918,True,False,False,True,True
plinder:6wv7__1__1.A__1.C:6wv7__1__1.C,PLINDER,0.375,"[0.30,0.50)",0.9924242424242424,0.9777495232040688,0.78488455988456,True,False,False,True,True
plinder:6wvh__1__1.A__1.C:6wvh__1__1.C,PLINDER,0.2985074626865671,"[0.00,0.30)",0.9901360544217686,0.959684065934066,0.7506760442891531,True,False,False,True,True
plinder:6x5t__2__1.D__1.Q:6x5t__2__1.Q,PLINDER,1.0,"[0.70,1.00]",0.9304064919038182,0.8632047465051418,0.7960603278574008,False,False,True,False,True
plinder:6x5u__4__2.F__2.X:6x5u__4__2.X,PLINDER,1.0,"[0.70,1.00]",0.9009952465834818,0.8106847697756789,0.7194058865111497,False,False,True,False,True
plinder:6x6v__3__1.C__1.G:6x6v__3__1.G,PLINDER,1.0,"[0.70,1.00]",0.9306572215663124,0.9066738816738816,0.8293817293817294,False,False,True,False,True
plinder:6x81__2__1.D_1.E_1.F__1.I_1.J:6x81__2__1.I,PLINDER,0.3421052631578947,"[0.30,0.50)",1.0,1.0,0.3394209956709957,True,False,False,True,True
plinder:6x81__2__1.D_1.E_1.F__1.I_1.J:6x81__2__1.J,PLINDER,0.3421052631578947,"[0.30,0.50)",0.95,0.8875,0.269570707070707,True,False,False,True,True
plinder:6x82__2__1.D_1.E_1.F__1.H:6x82__2__1.H,PLINDER,0.2989690721649484,"[0.00,0.30)",0.9888888888888888,0.9765432098765432,0.6145906075730638,True,False,False,True,True
plinder:6x9f__1__1.A__1.I:6x9f__1__1.I,PLINDER,0.3132530120481928,"[0.30,0.50)",0.8541666666666666,0.8875,0.54375,True,False,False,True,True
plinder:6xhq__1__1.A_1.B__1.C:6xhq__1__1.C,PLINDER,1.0,"[0.70,1.00]",0.8866807795379223,0.8971786150357579,0.5382382586208327,False,False,True,False,True
plinder:6xug__1__1.B__1.H_1.I_1.K_1.L:6xug__1__1.L,PLINDER,0.2098765432098765,"[0.00,0.30)",0.976190476190476,0.9484126984126984,0.7069805194805194,True,False,False,True,True
plinder:6xuq__1__2.A__2.B_2.C_2.E:6xuq__1__2.E,PLINDER,0.3838383838383838,"[0.30,0.50)",0.9027384231929688,0.856021251475797,0.6411715735245147,True,False,False,True,True
plinder:6y5m__1__1.A__1.I:6y5m__1__1.I,PLINDER,0.268041237113402,"[0.00,0.30)",0.9354545454545454,0.8859675594115427,0.8110245310245309,True,False,False,True,True
plinder:6y87__6__1.F__1.O:6y87__6__1.O,PLINDER,1.0,"[0.70,1.00]",0.9340781067671824,0.850636933687781,0.6766035267862085,False,False,True,False,True
plinder:6y88__6__1.F__1.U:6y88__6__1.U,PLINDER,1.0,"[0.70,1.00]",0.9910714285714284,0.9901360544217688,0.9513521317617956,False,False,True,False,True
plinder:6yab__2__1.B__1.I:6yab__2__1.I,PLINDER,1.0,"[0.70,1.00]",0.975,0.959375,0.6084145021645022,False,False,True,False,True
plinder:6yf4__1__1.A__1.C_1.D:6yf4__1__1.C,PLINDER,,unresolved,1.0,1.0,0.5888888888888889,,,,,False
plinder:6ykb__1__1.A__1.C:6ykb__1__1.C,PLINDER,1.0,"[0.70,1.00]",1.0,1.0,0.8714285714285714,False,False,True,False,True
plinder:6yy6__1__1.A__1.E:6yy6__1__1.E,PLINDER,0.3061224489795918,"[0.30,0.50)",1.0,0.95,0.8125,True,False,False,True,True
plinder:6yyd__1__1.A__1.B:6yyd__1__1.B,PLINDER,0.2857142857142857,"[0.00,0.30)",0.9617346938775508,0.982142857142857,0.6785190999476713,True,False,False,True,True
plinder:6zbn__1__1.A__1.G_1.H:6zbn__1__1.G,PLINDER,0.2289156626506024,"[0.00,0.30)",0.8166666666666667,0.8541666666666666,0.7986111111111112,True,False,False,True,True
plinder:6zbo__1__1.A__1.G_1.H:6zbo__1__1.H,PLINDER,0.2375,"[0.00,0.30)",0.8666666666666667,1.0,0.6666666666666667,True,False,False,True,True
plinder:6zc8__1__1.A__1.C:6zc8__1__1.C,PLINDER,0.2948717948717949,"[0.00,0.30)",1.0,1.0,0.9583333333333331,True,False,False,True,True
plinder:6zxb__1__1.B__1.L_1.N_1.O:6zxb__1__1.L,PLINDER,1.0,"[0.70,1.00]",0.9202741702741702,0.8240079365079365,0.6545003607503607,False,False,True,False,True
plinder:7a0c__2__1.B__1.T_1.U:7a0c__2__1.T,PLINDER,0.2894736842105263,"[0.00,0.30)",1.0,0.976190476190476,0.9305555555555556,True,False,False,True,True
plinder:7a5x__1__1.B__1.G:7a5x__1__1.G,PLINDER,0.3670886075949367,"[0.30,0.50)",0.9617346938775512,0.9682539682539684,0.8047619047619048,True,False,False,True,True
plinder:7a9z__2__1.B_2.A__2.C:7a9z__2__2.C,PLINDER,0.3454545454545454,"[0.30,0.50)",1.0,1.0,0.814859214859215,True,False,False,True,True
plinder:7ac8__3__1.E__1.K:7ac8__3__1.K,PLINDER,1.0,"[0.70,1.00]",1.0,1.0,1.0,False,False,True,False,True
plinder:7bht__1__1.A_2.A__2.C:7bht__1__2.C,PLINDER,0.2592592592592592,"[0.00,0.30)",0.9571428571428572,0.8653395784543325,0.9047619047619048,True,False,False,True,True
plinder:7bhx__1__1.A_2.A__1.C_2.C:7bhx__1__1.C,PLINDER,0.4126984126984127,"[0.30,0.50)",0.9464285714285714,0.8824074074074074,0.5765151515151515,True,False,False,True,True
plinder:7bhx__1__1.A_2.A__1.C_2.C:7bhx__1__2.C,PLINDER,0.4126984126984127,"[0.30,0.50)",0.9464285714285714,0.8824074074074074,0.5765151515151515,True,False,False,True,True
plinder:7bo7__1__1.A__1.C:7bo7__1__1.C,PLINDER,0.2875,"[0.00,0.30)",0.9375,0.9252964426877468,0.6702884615384616,True,False,False,True,True
plinder:7c1y__1__1.A_1.B__1.D:7c1y__1__1.D,PLINDER,1.0,"[0.70,1.00]",0.7595238095238095,0.8142857142857143,0.3208225108225108,False,False,True,False,True
plinder:7c6b__2__1.B__1.E:7c6b__2__1.E,PLINDER,0.5857142857142857,"[0.50,0.70)",0.9704861111111112,0.9861111111111112,0.906795634920635,True,False,False,True,True
plinder:7cbb__1__1.A__1.C:7cbb__1__1.C,PLINDER,1.0,"[0.70,1.00]",0.9583333333333331,1.0,0.7329365079365079,False,False,True,False,True
plinder:7coz__1__1.A__1.D_1.F_1.G:7coz__1__1.F,PLINDER,0.2911392405063291,"[0.00,0.30)",0.8666666666666667,0.5333333333333333,0.3777777777777777,True,False,False,True,True
plinder:7cpr__1__1.F_1.J__1.P:7cpr__1__1.P,PLINDER,1.0,"[0.70,1.00]",0.875,0.8125,0.4015873015873015,False,False,True,False,True
plinder:7crz__1__1.A__1.B_1.C:7crz__1__1.B,PLINDER,0.4318181818181818,"[0.30,0.50)",0.8954648526077096,0.8486394557823129,0.6350187510901797,True,False,True,False,True
plinder:7cta__1__2.B__2.E_2.F:7cta__1__2.E,PLINDER,1.0,"[0.70,1.00]",0.964967860422406,0.9841597796143252,0.8458281914164267,False,False,True,False,True
plinder:7d2f__1__1.A__1.C:7d2f__1__1.C,PLINDER,1.0,"[0.70,1.00]",0.9765432098765432,0.9626543209876544,0.9626543209876544,False,False,True,False,True
plinder:7d7u__3__1.C__1.F:7d7u__3__1.F,PLINDER,1.0,"[0.70,1.00]",0.982142857142857,0.982142857142857,0.7545918367346939,False,False,True,False,True
plinder:7db7__1__2.A__2.C:7db7__1__2.C,PLINDER,0.4675324675324675,"[0.30,0.50)",0.9999999999999998,0.9999999999999998,0.9136577708006276,True,False,False,True,True
plinder:7e8q__1__1.A_1.C_1.D__1.J:7e8q__1__1.J,PLINDER,1.0,"[0.70,1.00]",0.9901315789473684,0.943254662004662,0.97359375,False,False,True,False,True
plinder:7ee5__1__1.A__1.H:7ee5__1__1.H,PLINDER,1.0,"[0.70,1.00]",0.9999999999999998,0.982142857142857,0.9325396825396824,False,False,True,False,True
plinder:7em1__1__1.A__1.D:7em1__1__1.D,PLINDER,0.8363636363636363,"[0.70,1.00]",0.875,1.0,0.6178571428571429,True,False,True,False,True
plinder:7erb__2__1.C__1.L_1.M:7erb__2__1.L,PLINDER,1.0,"[0.70,1.00]",0.9643990929705212,0.9312132428729064,0.944002525252525,False,False,True,False,True
plinder:7erb__2__1.C__1.L_1.M:7erb__2__1.M,PLINDER,0.3720930232558139,"[0.30,0.50)",0.976190476190476,0.8555555555555555,0.7483164983164983,True,False,False,True,True
plinder:7ere__1__1.A_1.B__1.G_1.I:7ere__1__1.G,PLINDER,0.4473684210526316,"[0.30,0.50)",1.0,0.975,0.7723099816849817,True,False,False,True,True
plinder:7ere__1__1.A_1.B__1.G_1.I:7ere__1__1.I,PLINDER,1.0,"[0.70,1.00]",0.9774161735700196,0.9165922752461212,0.9335794547333008,False,False,True,False,True
plinder:7f4c__1__1.A__1.C_1.D:7f4c__1__1.C,PLINDER,1.0,"[0.70,1.00]",0.9176968408053934,0.8768815212565213,0.887104301948052,False,False,True,False,True
plinder:7k4g__1__1.A__1.G_1.H_1.I:7k4g__1__1.I,PLINDER,1.0,"[0.70,1.00]",0.6097513597513597,0.5043290043290043,0.5903069153069153,False,False,True,False,True
plinder:7k4h__1__1.A__1.G_1.H_1.I:7k4h__1__1.I,PLINDER,0.4042553191489361,"[0.30,0.50)",0.6618215118215118,0.5862554112554113,0.6202630702630703,True,False,False,True,True
plinder:7k4i__1__1.B__1.J_1.K_1.L:7k4i__1__1.L,PLINDER,0.3541666666666667,"[0.30,0.50)",0.8152597402597402,0.7842147435897435,0.5819715007215007,True,False,False,True,True
plinder:7k5m__1__1.B__1.I:7k5m__1__1.I,PLINDER,0.2758620689655172,"[0.00,0.30)",0.95,0.8041666666666667,0.3916666666666666,True,False,False,True,True
plinder:7kid__1__1.A__1.G:7kid__1__1.G,PLINDER,0.2619047619047619,"[0.00,0.30)",0.975068870523416,0.963164108618654,0.4853888488844864,True,False,False,True,True
plinder:7loo__1__1.C_1.D__1.FA_1.HA:7loo__1__1.FA,PLINDER,1.0,"[0.70,1.00]",0.9166666666666664,0.9166666666666664,1.0,False,False,True,False,True
plinder:7m2o__1__1.A__1.B_1.C:7m2o__1__1.B,PLINDER,1.0,"[0.70,1.00]",0.946303696303696,0.9327505827505824,0.6791458541458539,False,False,True,False,True
plinder:7m2o__1__1.A__1.B_1.C:7m2o__1__1.C,PLINDER,0.2016129032258064,"[0.00,0.30)",0.9584022038567492,0.930050505050505,0.8085162171849478,True,False,False,True,True
plinder:7mfp__1__1.A_1.B__1.I:7mfp__1__1.I,PLINDER,1.0,"[0.70,1.00]",0.8458273289890937,0.9197162178779826,0.8847834412670416,False,False,True,False,True
plinder:7n4w__1__2.A__2.D:7n4w__1__2.D,PLINDER,0.3818181818181818,"[0.30,0.50)",0.9666666666666666,0.8766666666666667,0.3382174688057041,True,False,False,True,True
plinder:7n54__1__1.B__1.H:7n54__1__1.H,PLINDER,0.3676470588235294,"[0.30,0.50)",1.0,1.0,0.5305194805194805,True,False,False,True,True
plinder:7n8l__2__1.B__1.J_1.M:7n8l__2__1.J,PLINDER,0.2790697674418604,"[0.00,0.30)",1.0,0.8888888888888888,0.85515873015873,True,False,True,False,True
plinder:7nag__2__1.B__1.D:7nag__2__1.D,PLINDER,0.7142857142857143,"[0.70,1.00]",0.9191718775052108,0.8893738977072312,0.8449514991181659,True,False,False,True,True
plinder:7nah__2__1.B__1.D:7nah__2__1.D,PLINDER,0.686046511627907,"[0.50,0.70)",1.0,0.9733333333333332,0.9187698412698412,True,False,False,True,True
plinder:7nn0__2__1.B__1.J:7nn0__2__1.J,PLINDER,1.0,"[0.70,1.00]",1.0,1.0,0.9510602823102824,False,False,True,False,True
plinder:7oa4__4__1.D__1.S_1.T_1.U_1.V:7oa4__4__1.S,PLINDER,0.3090909090909091,"[0.30,0.50)",1.0,0.5888888888888888,0.3833333333333333,True,False,False,True,True
plinder:7p3b__1__1.A__1.C_1.D_1.E:7p3b__1__1.C,PLINDER,1.0,"[0.70,1.00]",0.9733333333333332,0.9566666666666666,0.8307034632034631,False,False,True,False,True
plinder:7plr__3__1.C__1.O_1.P_1.Q_1.R:7plr__3__1.O,PLINDER,0.2022471910112359,"[0.00,0.30)",0.8875,0.8041666666666667,0.4928571428571429,True,False,False,True,True
plinder:7pwy__1__1.A_1.B__1.I_1.J:7pwy__1__1.J,PLINDER,0.2911392405063291,"[0.00,0.30)",0.8141154300245209,0.9406172110717566,0.6178569202633373,True,False,False,True,True
plinder:7pz1__1__1.A__1.D:7pz1__1__1.D,PLINDER,0.3473684210526316,"[0.30,0.50)",1.0,1.0,0.755236738570072,True,False,False,True,True
plinder:7qea__1__1.A__1.C:7qea__1__1.C,PLINDER,0.4225352112676056,"[0.30,0.50)",0.9733333333333332,0.9909090909090909,0.8690508021390374,True,False,False,True,True
plinder:7r2v__2__1.B__1.L:7r2v__2__1.L,PLINDER,1.0,"[0.70,1.00]",0.9428571428571428,0.9028571428571428,0.533131313131313,False,False,True,False,True
plinder:7rbw__2__1.B__1.D:7rbw__2__1.D,PLINDER,1.0,"[0.70,1.00]",1.0,1.0,0.6831062030075188,False,False,True,False,True
plinder:7rf9__2__1.C_1.D__1.GA:7rf9__2__1.GA,PLINDER,1.0,"[0.70,1.00]",0.9232004830917871,0.8029524374261217,0.6167343377869693,False,False,True,False,True
plinder:7rgy__1__1.A__1.D:7rgy__1__1.D,PLINDER,0.3333333333333333,"[0.30,0.50)",1.0,1.0,0.6791666666666667,True,False,False,True,True
plinder:7rgz__1__1.A__1.D:7rgz__1__1.D,PLINDER,0.3380281690140845,"[0.30,0.50)",1.0,1.0,0.6791666666666667,True,False,False,True,True
plinder:7rtc__2__1.B__1.E:7rtc__2__1.E,PLINDER,1.0,"[0.70,1.00]",0.982142857142857,0.9999999999999998,0.8520408163265305,False,False,True,False,True
plinder:7s7t__1__1.A__1.B:7s7t__1__1.B,PLINDER,0.2096774193548387,"[0.00,0.30)",0.9428571428571428,0.9266666666666664,0.7644444444444445,True,False,False,True,True
plinder:7ssi__2__1.E__1.N_1.O:7ssi__2__1.N,PLINDER,1.0,"[0.70,1.00]",0.8096590909090909,0.7885281385281385,0.9067956349206348,False,False,True,False,True
plinder:7t78__2__1.B__1.I:7t78__2__1.I,PLINDER,0.3010752688172043,"[0.30,0.50)",0.9379251700680272,0.8121315192743763,0.6206650492364778,True,False,False,True,True
plinder:7tfp__2__1.B_2.C__2.F_2.G:7tfp__2__2.G,PLINDER,0.2777777777777778,"[0.00,0.30)",0.7708333333333333,0.5416666666666666,0.4548611111111111,True,False,True,False,True
plinder:7u0r__1__1.B__1.I_1.J_1.K_1.L:7u0r__1__1.I,PLINDER,1.0,"[0.70,1.00]",1.0,1.0,0.5333333333333333,False,False,True,False,True
plinder:7u0r__1__1.B__1.I_1.J_1.K_1.L:7u0r__1__1.J,PLINDER,1.0,"[0.70,1.00]",0.9115961199294532,0.8370863160078847,0.79985754985755,False,False,True,False,True
plinder:7u8y__1__1.B__1.G_1.H_1.I_1.J:7u8y__1__1.G,PLINDER,1.0,"[0.70,1.00]",1.0,1.0,0.8178571428571427,False,False,True,False,True
plinder:7u8y__1__1.B__1.G_1.H_1.I_1.J:7u8y__1__1.H,PLINDER,1.0,"[0.70,1.00]",1.0,1.0,0.9381313131313131,False,False,True,False,True
plinder:7uas__1__1.A__1.C:7uas__1__1.C,PLINDER,0.2307692307692307,"[0.00,0.30)",0.9999999999999998,0.9999999999999998,0.5506493506493506,True,False,False,True,True
plinder:7uxs__1__1.A_1.B__1.C_1.F:7uxs__1__1.C,PLINDER,1.0,"[0.70,1.00]",0.9562770562770564,0.9107004107004107,0.9013559969442324,False,False,True,False,True
plinder:7uxs__1__1.A_1.B__1.C_1.F:7uxs__1__1.F,PLINDER,1.0,"[0.70,1.00]",0.9688131313131316,0.9337454212454214,0.8919088468720823,False,False,True,False,True
plinder:7v3d__1__1.A_1.B__1.F:7v3d__1__1.F,PLINDER,0.3953488372093023,"[0.30,0.50)",1.0000000000000002,0.9888888888888892,0.8610500610500611,True,False,False,True,True
plinder:7vbt__1__1.B__1.D:7vbt__1__1.D,PLINDER,0.2389380530973451,"[0.00,0.30)",0.9626543209876546,0.9888888888888892,0.8144240019240019,True,False,False,True,True
plinder:7vbv__1__1.B__1.N:7vbv__1__1.N,PLINDER,0.3114754098360656,"[0.30,0.50)",0.9659090909090908,0.9659090909090908,0.4623737373737374,True,False,False,True,True
plinder:7vjt__1__1.A__1.C:7vjt__1__1.C,PLINDER,0.3333333333333333,"[0.30,0.50)",0.9483011937557392,0.8810540469631378,0.8136848000484365,True,False,False,True,True
plinder:7vtf__1__1.A_1.B__1.F:7vtf__1__1.F,PLINDER,1.0,"[0.70,1.00]",0.9087301587301586,0.7916666666666665,0.5257635221920937,False,False,True,False,True
plinder:7vzn__1__1.A_1.B__1.S_1.T_1.U:7vzn__1__1.T,PLINDER,0.2222222222222222,"[0.00,0.30)",0.7901029262817882,0.6341408211271226,0.6677655677655678,True,False,False,True,True
plinder:7vzn__1__1.A_1.B__1.S_1.T_1.U:7vzn__1__1.U,PLINDER,1.0,"[0.70,1.00]",0.986013986013986,0.9924242424242424,0.8996326905417815,False,False,True,False,True
plinder:7w2f__1__1.A__1.M:7w2f__1__1.M,PLINDER,0.3265306122448979,"[0.30,0.50)",0.9571428571428572,0.8547619047619046,0.7257326007326006,True,False,False,True,True
plinder:7w2g__1__1.A__1.M:7w2g__1__1.M,PLINDER,0.3265306122448979,"[0.30,0.50)",0.976190476190476,0.976190476190476,0.7251683501683501,True,False,False,True,True
plinder:7wmi__1__1.B__1.F_1.G:7wmi__1__1.G,PLINDER,0.3297872340425531,"[0.30,0.50)",0.8526315789473684,0.8119047619047619,0.4428571428571428,True,False,False,True,True
plinder:7x11__1__1.D__1.P:7x11__1__1.P,PLINDER,1.0,"[0.70,1.00]",0.9924242424242424,0.9924242424242424,0.7226258589894954,False,False,True,False,True
plinder:7z5u__1__1.A__1.B_1.C:7z5u__1__1.C,PLINDER,0.2857142857142857,"[0.00,0.30)",0.948051948051948,0.9087301587301586,0.7063852813852813,True,False,False,True,True
plinder:7zbv__1__1.A__1.B_1.E:7zbv__1__1.E,PLINDER,0.2682926829268293,"[0.00,0.30)",0.6424192665571976,0.5046378968253968,0.6069805194805195,True,False,False,True,True
plinder:8a0v__2__1.B__1.L:8a0v__2__1.L,PLINDER,0.2741935483870967,"[0.00,0.30)",1.0,1.0,0.8875,True,False,False,True,True
plinder:8ak6__2__1.B__1.P_1.Q:8ak6__2__1.P,PLINDER,0.3611111111111111,"[0.30,0.50)",0.6791666666666667,0.6791666666666667,0.6678571428571428,True,False,False,True,True
plinder:8akb__2__1.B__1.K:8akb__2__1.K,PLINDER,1.0,"[0.70,1.00]",0.8733435545935546,0.8663991101491102,0.7763697620605516,False,False,True,False,True
plinder:8b6m__1__1.A_1.B__1.E:8b6m__1__1.E,PLINDER,0.6533333333333333,"[0.50,0.70)",0.9182357441811222,0.9185817159031444,0.6947093789668979,True,False,False,True,True
plinder:8bnx__1__1.A__1.C:8bnx__1__1.C,PLINDER,1.0,"[0.70,1.00]",1.0000000000000002,1.0000000000000002,1.0000000000000002,False,False,True,False,True
plinder:8bq4__1__1.B__1.D:8bq4__1__1.D,PLINDER,0.3508771929824561,"[0.30,0.50)",0.6710884353741495,0.5800585350419236,0.4899590605472958,True,False,False,True,True
plinder:8bv3__1__1.B_1.C__1.I_1.L:8bv3__1__1.I,PLINDER,1.0,"[0.70,1.00]",0.965391156462585,0.9093631298673316,0.758589249096768,False,False,True,False,True
plinder:8bzx__1__1.A_1.B__1.C_1.D:8bzx__1__1.C,PLINDER,1.0,"[0.70,1.00]",0.9188983855650524,0.9057470307470308,0.5819063652396985,False,False,True,False,True
plinder:8caa__1__1.B__1.F:8caa__1__1.F,PLINDER,0.5263157894736842,"[0.50,0.70)",0.97979797979798,1.0000000000000002,0.4846706908884411,True,False,True,False,True
plinder:8cov__1__1.B__1.T:8cov__1__1.T,PLINDER,0.3111111111111111,"[0.30,0.50)",0.9166666666666664,0.8655913978494623,0.5049603174603174,True,False,True,False,True
plinder:8e0t__1__1.B__1.E:8e0t__1__1.E,PLINDER,0.6216216216216216,"[0.50,0.70)",0.9861111111111112,0.9861111111111112,0.932426948051948,True,True,False,False,True
plinder:8e1s__1__1.A__1.C_1.E_1.F:8e1s__1__1.C,PLINDER,1.0,"[0.70,1.00]",0.8969496552829888,0.7439955106621774,0.7723375390042058,False,False,True,False,True
plinder:8e1v__1__1.A__1.C_1.D:8e1v__1__1.C,PLINDER,1.0,"[0.70,1.00]",0.9060405643738978,0.7667027417027417,0.7625932709266042,False,False,True,False,True
plinder:8eg6__2__1.G_1.H__1.AA:8eg6__2__1.AA,PLINDER,0.3442622950819672,"[0.30,0.50)",1.0,1.0,0.2777777777777778,True,False,False,True,True
plinder:8ep7__2__1.B_2.B__2.E:8ep7__2__2.E,PLINDER,1.0,"[0.70,1.00]",1.0,1.0,0.8084175084175084,False,False,True,False,True
plinder:8ez1__1__1.A_1.B__1.D:8ez1__1__1.D,PLINDER,0.5344827586206896,"[0.50,0.70)",0.9909090909090909,0.9833333333333332,0.7876479076479076,True,False,False,True,True
plinder:8f1g__1__1.A__1.C:8f1g__1__1.C,PLINDER,0.3157894736842105,"[0.30,0.50)",0.982142857142857,0.8520408163265305,0.7834776334776334,True,False,False,True,True
plinder:8fg8__2__1.B__1.GA_1.Q_1.R:8fg8__2__1.Q,PLINDER,0.3018867924528302,"[0.30,0.50)",0.75,1.0,0.2666666666666666,True,False,False,True,True
plinder:8fvb__1__1.B_2.A_2.B__2.E:8fvb__1__2.E,PLINDER,1.0,"[0.70,1.00]",1.0,1.0,0.9841597796143252,False,False,True,False,True
plinder:8g9d__1__1.A__1.B:8g9d__1__1.B,PLINDER,0.4482758620689655,"[0.30,0.50)",1.0,0.986013986013986,0.9674931129476584,True,False,True,False,True
plinder:8gen__1__2.A_3.A__2.B:8gen__1__2.B,PLINDER,1.0,"[0.70,1.00]",0.9752747252747253,0.9559824434824434,0.77999962999963,False,False,True,False,True
plinder:8get__1__1.C__1.P:8get__1__1.P,PLINDER,1.0,"[0.70,1.00]",0.982142857142857,0.968253968253968,0.9999999999999998,False,False,True,False,True
plinder:8gkf__1__1.A__1.J:8gkf__1__1.J,PLINDER,1.0,"[0.70,1.00]",1.0,1.0,0.9622222222222222,False,False,True,False,True
plinder:8gm5__1__1.A__1.D:8gm5__1__1.D,PLINDER,1.0,"[0.70,1.00]",0.9240362811791384,0.767687074829932,0.6445054945054945,False,False,True,False,True
plinder:8hq3__1__1.C__1.JA:8hq3__1__1.JA,PLINDER,0.2105263157894736,"[0.00,0.30)",0.9436868686868688,0.6731922398589065,0.5456555789889124,True,False,True,False,True
plinder:8iw3__1__1.A_1.B__1.F:8iw3__1__1.F,PLINDER,0.7636363636363637,"[0.70,1.00]",0.9708624708624708,0.961771561771562,0.7705433455433455,True,False,True,False,True
plinder:8iw6__1__1.A_1.B__1.F:8iw6__1__1.F,PLINDER,0.5818181818181818,"[0.50,0.70)",1.0,1.0,0.9493303704842164,True,False,True,False,True
plinder:8jnv__1__1.B__1.E_1.F:8jnv__1__1.F,PLINDER,0.3508771929824561,"[0.30,0.50)",0.9603174603174603,1.0000000000000002,0.568889498301263,True,False,False,True,True
plinder:8jyf__1__1.B__1.F:8jyf__1__1.F,PLINDER,1.0,"[0.70,1.00]",1.0,1.0,1.0,False,True,False,False,True
plinder:8k5y__1__1.A__1.H:8k5y__1__1.H,PLINDER,0.2592592592592592,"[0.00,0.30)",1.0,0.875545634920635,0.6952266483516484,True,False,False,True,True
plinder:8odp__1__1.A_1.B__1.I_1.J_1.K_1.L:8odp__1__1.K,PLINDER,1.0,"[0.70,1.00]",0.7881707525360776,0.7315443011095185,0.877148696713914,False,False,True,False,True
plinder:8og5__1__1.A__1.D:8og5__1__1.D,PLINDER,0.238095238095238,"[0.00,0.30)",0.8541666666666666,0.8928571428571428,0.3623376623376623,True,False,False,True,True
plinder:8og9__1__1.A__1.C:8og9__1__1.C,PLINDER,0.2272727272727272,"[0.00,0.30)",1.0,1.0,0.4194444444444444,True,False,False,True,True
plinder:8ogh__1__1.A_1.B__1.M_1.R:8ogh__1__1.M,PLINDER,0.8382352941176471,"[0.70,1.00]",0.9377136752136752,0.8314093314093315,0.633497270703153,True,False,True,False,True
plinder:8ome__1__1.A_1.D__1.H:8ome__1__1.H,PLINDER,1.0,"[0.70,1.00]",1.0,1.0,0.5455122655122655,False,False,True,False,True
plinder:8one__1__1.A__1.F_1.K:8one__1__1.K,PLINDER,1.0,"[0.70,1.00]",0.9075829263329264,0.8852554852554853,0.7766143578643578,False,False,True,False,True
plinder:8oo5__1__1.A__1.B_1.D_1.E:8oo5__1__1.B,PLINDER,0.297029702970297,"[0.00,0.30)",0.954040404040404,0.9909090909090909,0.7310900210900211,True,False,False,True,True
plinder:8p0m__1__1.C__1.L:8p0m__1__1.L,PLINDER,0.233009708737864,"[0.00,0.30)",1.0,1.0,0.9128787878787878,True,False,False,True,True
plinder:8ppd__2__1.B__1.L:8ppd__2__1.L,PLINDER,0.6538461538461539,"[0.50,0.70)",0.9999999999999998,0.9999999999999998,0.9367346938775508,True,False,True,False,True
plinder:8q0u__1__1.A__1.D:8q0u__1__1.D,PLINDER,0.2842105263157894,"[0.00,0.30)",0.9999999999999998,0.968253968253968,0.3904805511948369,True,False,False,True,True
plinder:8qdy__1__1.A_2.A__2.B:8qdy__1__2.B,PLINDER,0.2857142857142857,"[0.00,0.30)",1.0,1.0,0.5032269317983603,True,False,False,True,True
plinder:8qe3__1__1.A_2.A__2.B:8qe3__1__2.B,PLINDER,0.2142857142857142,"[0.00,0.30)",0.9880952380952382,0.9460784313725492,0.8953465515965516,True,False,False,True,True
plinder:8qhq__2__1.C_1.D__1.O:8qhq__2__1.O,PLINDER,1.0,"[0.70,1.00]",0.9999999999999998,0.9999999999999998,0.942156862745098,False,False,True,False,True
plinder:8qth__1__1.A__1.B:8qth__1__1.B,PLINDER,0.2061855670103092,"[0.00,0.30)",0.9093537414965986,0.968253968253968,0.5511294261294262,True,False,False,True,True
plinder:8qtj__1__1.A__1.E:8qtj__1__1.E,PLINDER,0.2298850574712643,"[0.00,0.30)",1.0,1.0,0.4403679653679653,True,False,False,True,True
plinder:8qv7__1__1.A__1.E:8qv7__1__1.E,PLINDER,1.0,"[0.70,1.00]",0.9575757575757576,0.97979797979798,0.83980278980279,False,False,True,False,True
plinder:8r3d__1__1.B_1.E__1.J:8r3d__1__1.J,PLINDER,1.0,"[0.70,1.00]",1.0,1.0,0.6357142857142858,True,False,True,False,True
plinder:8sge__1__1.A__1.H:8sge__1__1.H,PLINDER,0.2095238095238095,"[0.00,0.30)",0.975,0.9659090909090908,0.8125,True,False,False,True,True
plinder:8sz3__1__1.A_2.B__2.I:8sz3__1__2.I,PLINDER,0.2638888888888889,"[0.00,0.30)",0.9666666666666666,0.71,0.4138888888888888,True,False,False,True,True
plinder:8t5k__1__1.A_2.A__1.B_2.B:8t5k__1__1.B,PLINDER,0.25,"[0.00,0.30)",1.0,1.0,0.8111111111111111,True,False,False,True,True
plinder:8t5k__1__1.A_2.A__1.B_2.B:8t5k__1__2.B,PLINDER,0.25,"[0.00,0.30)",0.95,1.0,0.4965277777777778,True,False,False,True,True
plinder:8tjc__1__1.B__1.N:8tjc__1__1.N,PLINDER,0.2375,"[0.00,0.30)",0.9666666666666668,0.71,0.6087301587301588,True,False,False,True,True
plinder:8ttj__4__1.D__1.CA:8ttj__4__1.CA,PLINDER,0.6585365853658537,"[0.50,0.70)",0.8201970443349753,0.4766233766233766,0.4317793317793317,True,False,True,False,True
plinder:8uuf__1__1.A__1.B:8uuf__1__1.B,PLINDER,0.2916666666666667,"[0.00,0.30)",1.0,1.0,0.8885281385281385,True,False,False,True,True
plinder:8wsm__1__1.A__1.D:8wsm__1__1.D,PLINDER,0.3048780487804878,"[0.30,0.50)",0.9093537414965986,0.9240362811791384,0.8244047619047619,True,False,False,True,True
rcsb_temporal:postfreeze__10zk__ADP_F_302:10zk__ADP_F_302,Temporal,1.0,"[0.70,1.00]",0.9733333333333332,0.9733333333333332,0.9833333333333332,False,False,True,False,True
rcsb_temporal:postfreeze__10zl__HCA_A_501:10zl__HCA_A_501,Temporal,0.6666666666666666,"[0.50,0.70)",1.0,1.0,0.875,True,True,False,False,True
rcsb_temporal:postfreeze__10zm__ADP_E_302:10zm__ADP_E_302,Temporal,1.0,"[0.70,1.00]",0.9653513153513154,0.962730858884705,0.9701923076923076,False,False,True,False,True
rcsb_temporal:postfreeze__10zn__ADP_F_302:10zn__ADP_F_302,Temporal,1.0,"[0.70,1.00]",0.9999999999999998,0.9999999999999998,0.9945054945054944,False,False,True,False,True
rcsb_temporal:postfreeze__13ct__MSE_A_40:13ct__MSE_A_40,Temporal,1.0,"[0.70,1.00]",0.4355555555555555,0.4746031746031746,0.5775757575757575,False,True,False,False,True
rcsb_temporal:postfreeze__26qx__ANP_A_302:26qx__ANP_A_302,Temporal,1.0,"[0.70,1.00]",1.0000000000000002,0.9888888888888892,0.7667027417027418,False,False,True,False,True
rcsb_temporal:postfreeze__26rc__ANP_C_301:26rc__ANP_C_301,Temporal,1.0,"[0.70,1.00]",1.0,0.9765432098765432,0.91488603988604,False,False,True,False,True
rcsb_temporal:postfreeze__26rv__HEM_A_201:26rv__HEM_A_201,Temporal,,unresolved,0.9999999999999998,0.9999999999999998,0.827437641723356,,,,,False
rcsb_temporal:postfreeze__27qy__TG1_A_1102:27qy__TG1_A_1102,Temporal,0.2682926829268293,"[0.00,0.30)",0.9254656959202414,0.840956265956266,0.8040570540570542,True,False,False,True,True
rcsb_temporal:postfreeze__27qz__TG1_A_1102:27qz__TG1_A_1102,Temporal,0.2682926829268293,"[0.00,0.30)",0.8693578643578643,0.7460245310245309,0.7018109668109668,True,False,False,True,True
rcsb_temporal:postfreeze__27ra__TG1_A_1102:27ra__TG1_A_1102,Temporal,0.2682926829268293,"[0.00,0.30)",1.0,1.0,0.889155844155844,True,False,False,True,True
rcsb_temporal:postfreeze__27rb__TG1_A_1102:27rb__TG1_A_1102,Temporal,0.2682926829268293,"[0.00,0.30)",0.9263455988455987,0.8480122655122654,0.8362626262626263,True,False,False,True,True
rcsb_temporal:postfreeze__27rc__TG1_A_1102:27rc__TG1_A_1102,Temporal,0.2682926829268293,"[0.00,0.30)",0.9924242424242424,0.9924242424242424,0.8569919979010889,True,False,False,True,True
rcsb_temporal:postfreeze__27rd__TG1_A_1102:27rd__TG1_A_1102,Temporal,0.2682926829268293,"[0.00,0.30)",0.9467813051146384,0.8412257495590829,0.7751433751433752,True,False,False,True,True
rcsb_temporal:postfreeze__27re__TG1_A_1102:27re__TG1_A_1102,Temporal,0.2682926829268293,"[0.00,0.30)",0.9924242424242424,0.9841597796143252,0.8262888626524991,True,False,False,True,True
rcsb_temporal:postfreeze__27rf__TG1_A_1102:27rf__TG1_A_1102,Temporal,0.2682926829268293,"[0.00,0.30)",0.9254656959202414,0.8542535747081202,0.8810540469631379,True,False,False,True,True
rcsb_temporal:postfreeze__28io__NAD_A_301:28io__NAD_A_301,Temporal,1.0,"[0.70,1.00]",0.9606060606060606,0.9488390397481308,0.4539991395124534,False,False,True,False,True
rcsb_temporal:postfreeze__28ip__NAD_A_301:28ip__NAD_A_301,Temporal,1.0,"[0.70,1.00]",0.9714285714285714,0.9503174603174604,0.4375243609682969,False,False,True,False,True
rcsb_temporal:postfreeze__28iq__NAD_B_301:28iq__NAD_B_301,Temporal,1.0,"[0.70,1.00]",0.9999999999999998,0.9999999999999998,0.7005946738683312,False,False,True,False,True
rcsb_temporal:postfreeze__28ir__NAD_A_301:28ir__NAD_A_301,Temporal,1.0,"[0.70,1.00]",0.9606060606060608,0.9653679653679654,0.4629046677959721,False,False,True,False,True
rcsb_temporal:postfreeze__28is__NAD_B_301:28is__NAD_B_301,Temporal,1.0,"[0.70,1.00]",0.9999999999999998,0.9999999999999998,0.7179833806432272,False,False,True,False,True
rcsb_temporal:postfreeze__28it__NAD_A_301:28it__NAD_A_301,Temporal,1.0,"[0.70,1.00]",0.9999999999999998,0.9999999999999998,0.7149068322981368,False,False,True,False,True
rcsb_temporal:postfreeze__28iu__NAD_A_301:28iu__NAD_A_301,Temporal,1.0,"[0.70,1.00]",0.9935897435897436,1.0,0.7764550264550266,False,False,True,False,True
rcsb_temporal:postfreeze__28iv__NAD_A_301:28iv__NAD_A_301,Temporal,1.0,"[0.70,1.00]",0.9595404595404596,0.9562770562770564,0.4480513507670594,False,False,True,False,True
rcsb_temporal:postfreeze__28iw__NAD_A_301:28iw__NAD_A_301,Temporal,1.0,"[0.70,1.00]",0.9674931129476584,0.9461760461760462,0.4644662051265779,False,False,True,False,True
rcsb_temporal:postfreeze__28ix__NAD_A_301:28ix__NAD_A_301,Temporal,1.0,"[0.70,1.00]",0.9999999999999998,0.9999999999999998,0.7076409081770089,False,False,True,False,True
rcsb_temporal:postfreeze__28ll__NAD_A_301:28ll__NAD_A_301,Temporal,1.0,"[0.70,1.00]",0.9606060606060606,0.9805194805194806,0.4654823931009701,False,False,True,False,True
rcsb_temporal:postfreeze__28lm__NAD_A_301:28lm__NAD_A_301,Temporal,1.0,"[0.70,1.00]",0.9846415489272632,0.9786891679748824,0.7618903625523437,False,False,True,False,True
rcsb_temporal:postfreeze__36mb__PRO_A_102:36mb__PRO_A_102,Temporal,1.0,"[0.70,1.00]",1.0,1.0,1.0,False,False,True,False,True
rcsb_temporal:postfreeze__9hvs__UEP_A_501:9hvs__UEP_A_501,Temporal,0.7450980392156863,"[0.70,1.00]",0.9809090909090908,0.9263455988455987,0.9519230769230768,True,False,True,False,True
rcsb_temporal:postfreeze__9hvt__PRO_A_504:9hvt__PRO_A_504,Temporal,1.0,"[0.70,1.00]",1.0,1.0,0.45,False,False,True,False,True
rcsb_temporal:postfreeze__9hvv__U6M_A_501:9hvv__U6M_A_501,Temporal,0.7755102040816326,"[0.70,1.00]",1.0,1.0,0.9593656343656344,True,False,True,False,True
rcsb_temporal:postfreeze__9hvz__ACO_A_401:9hvz__ACO_A_401,Temporal,1.0,"[0.70,1.00]",0.8209145021645021,0.8943452380952381,0.7478386809269162,False,False,True,False,True
rcsb_temporal:postfreeze__9hwi__ACO_A_401:9hwi__ACO_A_401,Temporal,1.0,"[0.70,1.00]",0.8715213358070499,0.9285714285714284,0.6513405362144857,False,False,True,False,True
rcsb_temporal:postfreeze__9l0a__CLA_B_802:9l0a__CLA_B_802,Temporal,,unresolved,1.0,0.8344122147693576,0.6838909922943537,,,,,False
rcsb_temporal:postfreeze__9l9c__AMP_a_502:9l9c__AMP_a_502,Temporal,1.0,"[0.70,1.00]",0.8055555555555556,0.9166666666666664,0.8055555555555556,False,False,True,False,True
rcsb_temporal:postfreeze__9lwe__HEM_A_401:9lwe__HEM_A_401,Temporal,,unresolved,0.9796825396825396,0.9266418766418766,0.625555273186852,,,,,False
rcsb_temporal:postfreeze__9n29__2PM_R_501:9n29__2PM_R_501,Temporal,0.2972972972972973,"[0.00,0.30)",1.0,1.0,0.6244065458351173,True,False,True,False,True
rcsb_temporal:postfreeze__9o6r__XEU_A_303:9o6r__XEU_A_303,Temporal,0.3492063492063492,"[0.30,0.50)",1.0,1.0,0.744047619047619,True,False,False,True,True
rcsb_temporal:postfreeze__9pl3__HIS_A_602:9pl3__HIS_A_602,Temporal,1.0,"[0.70,1.00]",0.8928571428571428,0.8041666666666667,0.4928571428571429,False,False,True,False,True
rcsb_temporal:postfreeze__9pl4__HIS_B_602:9pl4__HIS_B_602,Temporal,1.0,"[0.70,1.00]",0.95,0.95,0.8041666666666667,False,False,True,False,True
rcsb_temporal:postfreeze__9pl6__HIS_A_602:9pl6__HIS_A_602,Temporal,1.0,"[0.70,1.00]",0.8928571428571428,0.95,0.5178571428571428,False,False,True,False,True
rcsb_temporal:postfreeze__9rtc__G_H_302:9rtc__G_H_302,Temporal,1.0,"[0.70,1.00]",0.7555555555555555,0.8666666666666667,0.6388888888888888,True,False,True,False,True
rcsb_temporal:postfreeze__9rtf__NAG_A_703:9rtf__NAG_A_703,Temporal,1.0,"[0.70,1.00]",1.0,1.0,1.0,False,False,True,False,True
rcsb_temporal:postfreeze__9rtq__ANP_D_901:9rtq__ANP_D_901,Temporal,1.0,"[0.70,1.00]",0.9519230769230768,0.9472222222222222,0.6007260101010101,False,False,True,False,True
rcsb_temporal:postfreeze__9rtr__ANP_A_901:9rtr__ANP_A_901,Temporal,1.0,"[0.70,1.00]",0.8121315192743763,0.8976190476190475,0.8047619047619048,False,False,True,False,True
rcsb_temporal:postfreeze__9rts__ADP_D_901:9rts__ADP_D_901,Temporal,1.0,"[0.70,1.00]",0.9266666666666664,0.9666666666666666,0.7295238095238095,False,False,True,False,True
rcsb_temporal:postfreeze__9rum__FAD_A_501:9rum__FAD_A_501,Temporal,1.0,"[0.70,1.00]",0.9371820887445887,0.9021789542184904,0.6261852952403674,False,False,True,False,True
rcsb_temporal:postfreeze__9run__FAD_A_501:9run__FAD_A_501,Temporal,1.0,"[0.70,1.00]",0.9484839841108856,0.9195568578308516,0.7243750342010334,False,False,True,False,True
rcsb_temporal:postfreeze__9t5j__GDP_B_401:9t5j__GDP_B_401,Temporal,1.0,"[0.70,1.00]",1.0,1.0,1.0,False,False,True,False,True
rcsb_temporal:postfreeze__9tf9__9JI_A_1001:9tf9__9JI_A_1001,Temporal,0.746268656716418,"[0.70,1.00]",1.0,1.0,0.5714285714285714,True,False,True,False,True
rcsb_temporal:postfreeze__9ueh__KCX_C_73:9ueh__KCX_C_73,Temporal,0.6551724137931034,"[0.50,0.70)",0.9166666666666666,0.6678571428571428,0.3458333333333333,True,True,False,False,True
rcsb_temporal:postfreeze__9vlv__EH9_A_402:9vlv__EH9_A_402,Temporal,0.4468085106382978,"[0.30,0.50)",0.9765432098765434,0.9888888888888892,0.9436868686868688,True,False,True,False,True
rcsb_temporal:postfreeze__9vmh__ADP_A_1201:9vmh__ADP_A_1201,Temporal,1.0,"[0.70,1.00]",0.7877551020408162,0.8289638932496075,0.4434541648827363,False,False,True,False,True
rcsb_temporal:postfreeze__9voy__X9H_A_1101:9voy__X9H_A_1101,Temporal,0.3018867924528302,"[0.30,0.50)",1.0,1.0,0.7163170163170163,True,False,False,True,True
rcsb_temporal:postfreeze__9vry__NDP_A_301:9vry__NDP_A_301,Temporal,1.0,"[0.70,1.00]",0.8864631516942441,0.867513520559739,0.8438689989952657,False,False,True,False,True
rcsb_temporal:postfreeze__9vrz__NDP_A_301:9vrz__NDP_A_301,Temporal,1.0,"[0.70,1.00]",0.9895953479430988,0.9513553801365676,0.8116300394444411,False,False,True,False,True
rcsb_temporal:postfreeze__9vs0__NAP_B_301:9vs0__NAP_B_301,Temporal,1.0,"[0.70,1.00]",0.9439643689643687,0.951157656044874,0.7699673575723995,False,False,True,False,True
rcsb_temporal:postfreeze__9vsg__EPE_A_405:9vsg__EPE_A_405,Temporal,1.0,"[0.70,1.00]",0.5,0.7916666666666666,0.6095238095238096,False,False,True,False,True
rcsb_temporal:postfreeze__9vsh__FPP_A_401:9vsh__FPP_A_401,Temporal,1.0,"[0.70,1.00]",1.0000000000000002,1.0000000000000002,0.7919753086419754,False,True,False,False,True
rcsb_temporal:postfreeze__9vt7__NAP_A_501:9vt7__NAP_A_501,Temporal,1.0,"[0.70,1.00]",1.0,1.0,0.9763888888888892,False,False,True,False,True
rcsb_temporal:postfreeze__9vtx__CGO_C_201:9vtx__CGO_C_201,Temporal,,unresolved,1.0,1.0,1.0,,,,,False
rcsb_temporal:postfreeze__9vu0__POV_D_901:9vu0__POV_D_901,Temporal,1.0,"[0.70,1.00]",0.9791666666666669,0.79001739001739,0.7074327962485857,True,True,False,False,True
rcsb_temporal:postfreeze__9vud__NAG_E_1:9vud__NAG_E_1,Temporal,1.0,"[0.70,1.00]",1.0,1.0,0.95,False,False,True,False,True
rcsb_temporal:postfreeze__9vuh__LZE_A_801:9vuh__LZE_A_801,Temporal,0.2857142857142857,"[0.00,0.30)",1.0,1.0,0.6437118437118436,True,False,False,True,True
rcsb_temporal:postfreeze__9vus__AKG_A_1301:9vus__AKG_A_1301,Temporal,1.0,"[0.70,1.00]",0.9704861111111112,0.9704861111111112,0.7602678571428572,False,True,False,False,True
rcsb_temporal:postfreeze__9vv6__ITN_A_1301:9vv6__ITN_A_1301,Temporal,1.0,"[0.70,1.00]",0.976190476190476,0.9484126984126984,0.7166666666666667,False,True,False,False,True
rcsb_temporal:postfreeze__9vvf__7YY_A_401:9vvf__7YY_A_401,Temporal,0.2095238095238095,"[0.00,0.30)",1.0,0.9761904761904762,0.5287749287749288,True,False,False,True,True
rcsb_temporal:postfreeze__9w6x__SAM_A_201:9w6x__SAM_A_201,Temporal,1.0,"[0.70,1.00]",0.975,0.9381313131313131,0.6622023809523809,False,False,True,False,True
rcsb_temporal:postfreeze__9wny__C8X_A_401:9wny__C8X_A_401,Temporal,1.0,"[0.70,1.00]",0.9999999999999998,0.9480519480519478,0.8385281385281385,False,False,True,False,True
